profile	wavelength_um	x_um	m	n_eff	k_eff
1	3.5	-30	0.0205479452054795	3.80626900140378	0.000814492965148809
1	3.5	-29.9399399399399	0.0205479452054795	3.80626900140378	0.000814492965148809
1	3.5	-29.8798798798799	0.0205479452054795	3.80626900140378	0.000814492965148809
1	3.5	-29.8198198198198	0.0205479452054795	3.80626900140378	0.000814492965148809
1	3.5	-29.7597597597598	0.0205479452054795	3.80626900140378	0.000814492965148809
1	3.5	-29.6996996996997	0.0205479452054795	3.80626900140378	0.000814492965148809
1	3.5	-29.6396396396396	0.0205479452054795	3.80626900140378	0.000814492965148809
1	3.5	-29.5795795795796	0.0205479452054795	3.80626900140378	0.000814492965148809
1	3.5	-29.5195195195195	0.0209227492332516	3.80666013991023	0.000829564039780733
1	3.5	-29.4594594594595	0.0221111522481386	3.80790100288435	0.000877401824225318
1	3.5	-29.3993993993994	0.0228310502283105	3.80865317371351	0.000906418581527421
1	3.5	-29.3393393393393	0.0228310502283105	3.80865317371351	0.000906418581527421
1	3.5	-29.2792792792793	0.0228310502283105	3.80865317371351	0.000906418581527421
1	3.5	-29.2192192192192	0.0228310502283105	3.80865317371351	0.000906418581527421
1	3.5	-29.1591591591592	0.0228310502283105	3.80865317371351	0.000906418581527421
1	3.5	-29.0990990990991	0.0228310502283105	3.80865317371351	0.000906418581527421
1	3.5	-29.039039039039	0.0220814421727664	3.80786996892931	0.000876204925329982
1	3.5	-28.978978978979	0.0208930391578794	3.80662913134531	0.000828369097678437
1	3.5	-28.9189189189189	0.0205479452054795	3.80626900140378	0.000814492965148809
1	3.5	-28.8588588588589	0.0205479452054795	3.80626900140378	0.000814492965148809
1	3.5	-28.7987987987988	0.0205479452054795	3.80626900140378	0.000814492965148809
1	3.5	-28.7387387387387	0.0205479452054795	3.80626900140378	0.000814492965148809
1	3.5	-28.6786786786787	0.0205479452054795	3.80626900140378	0.000814492965148809
1	3.5	-28.6186186186186	0.0205479452054795	3.80626900140378	0.000814492965148809
1	3.5	-28.5585585585586	0.0205479452054795	3.80626900140378	0.000814492965148809
1	3.5	-28.4984984984985	0.0205182351301073	3.80623800083904	0.00081329863932377
1	3.5	-28.4384384384384	0.0193298321152203	3.80499849789625	0.000765565622079371
1	3.5	-28.3783783783784	0.0182648401826483	3.80388857325504	0.000722855742764094
1	3.5	-28.3183183183183	0.0182648401826483	3.80388857325504	0.000722855742764094
1	3.5	-28.2582582582583	0.0182648401826483	3.80388857325504	0.000722855742764094
1	3.5	-28.1981981981982	0.0182648401826483	3.80388857325504	0.000722855742764094
1	3.5	-28.1381381381381	0.0182648401826483	3.80388857325504	0.000722855742764094
1	3.5	-28.0780780780781	0.0182648401826483	3.80388857325504	0.000722855742764094
1	3.5	-28.018018018018	0.0182648401826483	3.80388857325504	0.000722855742764094
1	3.5	-27.957957957958	0.0182648401826483	3.80388857325504	0.000722855742764094
1	3.5	-27.8978978978979	0.0182648401826483	3.80388857325504	0.000722855742764094
1	3.5	-27.8378378378378	0.0182648401826483	3.80388857325504	0.000722855742764094
1	3.5	-27.7777777777778	0.0182648401826483	3.80388857325504	0.000722855742764094
1	3.5	-27.7177177177177	0.0182648401826483	3.80388857325504	0.000722855742764094
1	3.5	-27.6576576576577	0.0182648401826483	3.80388857325504	0.000722855742764094
1	3.5	-27.5975975975976	0.0182648401826483	3.80388857325504	0.000722855742764094
1	3.5	-27.5375375375375	0.0182648401826483	3.80388857325504	0.000722855742764094
1	3.5	-27.4774774774775	0.0182648401826483	3.80388857325504	0.000722855742764094
1	3.5	-27.4174174174174	0.0182648401826483	3.80388857325504	0.000722855742764094
1	3.5	-27.3573573573574	0.0182648401826483	3.80388857325504	0.000722855742764094
1	3.5	-27.2972972972973	0.0182648401826483	3.80388857325504	0.000722855742764094
1	3.5	-27.2372372372372	0.0182648401826483	3.80388857325504	0.000722855742764094
1	3.5	-27.1771771771772	0.0182648401826483	3.80388857325504	0.000722855742764094
1	3.5	-27.1171171171171	0.0182648401826483	3.80388857325504	0.000722855742764094
1	3.5	-27.0570570570571	0.0182648401826483	3.80388857325504	0.000722855742764094
1	3.5	-26.996996996997	0.0183242603333927	3.80395047897029	0.000725237050135994
1	3.5	-26.9369369369369	0.0195126633482797	3.80518912468747	0.000772904084239457
1	3.5	-26.8768768768769	0.0205479452054795	3.80626900140378	0.000814492965148809
1	3.5	-26.8168168168168	0.0205479452054795	3.80626900140378	0.000814492965148809
1	3.5	-26.7567567567568	0.0205479452054795	3.80626900140378	0.000814492965148809
1	3.5	-26.6966966966967	0.0205479452054795	3.80626900140378	0.000814492965148809
1	3.5	-26.6366366366366	0.0208884683770529	3.80662436085316	0.000828185264769246
1	3.5	-26.5765765765766	0.0220768713919399	3.80786519453106	0.000876020791384969
1	3.5	-26.5165165165165	0.0228310502283105	3.80865317371351	0.000906418581527421
1	3.5	-26.4564564564565	0.0228310502283105	3.80865317371351	0.000906418581527421
1	3.5	-26.3963963963964	0.0228310502283105	3.80865317371351	0.000906418581527421
1	3.5	-26.3363363363363	0.0228310502283105	3.80865317371351	0.000906418581527421
1	3.5	-26.2762762762763	0.0228310502283105	3.80865317371351	0.000906418581527421
1	3.5	-26.2162162162162	0.0228310502283105	3.80865317371351	0.000906418581527421
1	3.5	-26.1561561561562	0.022115723028965	3.80790577739535	0.000877585966863587
1	3.5	-26.0960960960961	0.0209273200140781	3.80666491051498	0.000829747881364657
1	3.5	-26.036036036036	0.0205479452054795	3.80626900140378	0.000814492965148809
1	3.5	-25.975975975976	0.0205479452054795	3.80626900140378	0.000814492965148809
1	3.5	-25.9159159159159	0.0205479452054795	3.80626900140378	0.000814492965148809
1	3.5	-25.8558558558559	0.0205479452054795	3.80626900140378	0.000814492965148809
1	3.5	-25.7957957957958	0.0205479452054795	3.80626900140378	0.000814492965148809
1	3.5	-25.7357357357357	0.0205479452054795	3.80626900140378	0.000814492965148809
1	3.5	-25.6756756756757	0.019457813978362	3.80513193413234	0.000770702351790639
1	3.5	-25.6156156156156	0.0182694109634748	3.80389333514334	0.000723038913347006
1	3.5	-25.5555555555556	0.0182648401826483	3.80388857325504	0.000722855742764094
1	3.5	-25.4954954954955	0.0182648401826483	3.80388857325504	0.000722855742764094
1	3.5	-25.4354354354354	0.0182648401826483	3.80388857325504	0.000722855742764094
1	3.5	-25.3753753753754	0.0182648401826483	3.80388857325504	0.000722855742764094
1	3.5	-25.3153153153153	0.0182648401826483	3.80388857325504	0.000722855742764094
1	3.5	-25.2552552552553	0.018541372422651	3.80417669443669	0.000733939635325724
1	3.5	-25.1951951951952	0.019729775437538	3.8054155251496	0.000781620905719814
1	3.5	-25.1351351351351	0.0205479452054795	3.80626900140378	0.000814492965148809
1	3.5	-25.0750750750751	0.0205479452054795	3.80626900140378	0.000814492965148809
1	3.5	-25.015015015015	0.0205479452054795	3.80626900140378	0.000814492965148809
1	3.5	-24.954954954955	0.0205479452054795	3.80626900140378	0.000814492965148809
1	3.5	-24.8948948948949	0.0205479452054795	3.80626900140378	0.000814492965148809
1	3.5	-24.8348348348348	0.0205479452054795	3.80626900140378	0.000814492965148809
1	3.5	-24.7747747747748	0.0205479452054795	3.80626900140378	0.000814492965148809
1	3.5	-24.7147147147147	0.0205479452054795	3.80626900140378	0.000814492965148809
1	3.5	-24.6546546546547	0.0205479452054795	3.80626900140378	0.000814492965148809
1	3.5	-24.5945945945946	0.0205479452054795	3.80626900140378	0.000814492965148809
1	3.5	-24.5345345345345	0.0205479452054795	3.80626900140378	0.000814492965148809
1	3.5	-24.4744744744745	0.0205479452054795	3.80626900140378	0.000814492965148809
1	3.5	-24.4144144144144	0.0205479452054795	3.80626900140378	0.000814492965148809
1	3.5	-24.3543543543544	0.0205479452054795	3.80626900140378	0.000814492965148809
1	3.5	-24.2942942942943	0.0205479452054795	3.80626900140378	0.000814492965148809
1	3.5	-24.2342342342342	0.0205479452054795	3.80626900140378	0.000814492965148809
1	3.5	-24.1741741741742	0.0205479452054795	3.80626900140378	0.000814492965148809
1	3.5	-24.1141141141141	0.0205479452054795	3.80626900140378	0.000814492965148809
1	3.5	-24.0540540540541	0.0205479452054795	3.80626900140378	0.000814492965148809
1	3.5	-23.993993993994	0.0205479452054795	3.80626900140378	0.000814492965148809
1	3.5	-23.9339339339339	0.0205479452054795	3.80626900140378	0.000814492965148809
1	3.5	-23.8738738738739	0.0205479452054795	3.80626900140378	0.000814492965148809
1	3.5	-23.8138138138138	0.0205479452054795	3.80626900140378	0.000814492965148809
1	3.5	-23.7537537537538	0.0205479452054795	3.80626900140378	0.000814492965148809
1	3.5	-23.6936936936937	0.0205479452054795	3.80626900140378	0.000814492965148809
1	3.5	-23.6336336336336	0.0205479452054795	3.80626900140378	0.000814492965148809
1	3.5	-23.5735735735736	0.0205479452054795	3.80626900140378	0.000814492965148809
1	3.5	-23.5135135135135	0.0205479452054795	3.80626900140378	0.000814492965148809
1	3.5	-23.4534534534535	0.0205479452054795	3.80626900140378	0.000814492965148809
1	3.5	-23.3933933933934	0.0205479452054795	3.80626900140378	0.000814492965148809
1	3.5	-23.3333333333333	0.0205479452054795	3.80626900140378	0.000814492965148809
1	3.5	-23.2732732732733	0.0205479452054795	3.80626900140378	0.000814492965148809
1	3.5	-23.2132132132132	0.0205479452054795	3.80626900140378	0.000814492965148809
1	3.5	-23.1531531531532	0.0205479452054795	3.80626900140378	0.000814492965148809
1	3.5	-23.0930930930931	0.0205479452054795	3.80626900140378	0.000814492965148809
1	3.5	-23.033033033033	0.0205479452054795	3.80626900140378	0.000814492965148809
1	3.5	-22.972972972973	0.0205479452054795	3.80626900140378	0.000814492965148809
1	3.5	-22.9129129129129	0.0205479452054795	3.80626900140378	0.000814492965148809
1	3.5	-22.8528528528529	0.0205479452054795	3.80626900140378	0.000814492965148809
1	3.5	-22.7927927927928	0.0205479452054795	3.80626900140378	0.000814492965148809
1	3.5	-22.7327327327327	0.0205479452054795	3.80626900140378	0.000814492965148809
1	3.5	-22.6726726726727	0.0205479452054795	3.80626900140378	0.000814492965148809
1	3.5	-22.6126126126126	0.0205479452054795	3.80626900140378	0.000814492965148809
1	3.5	-22.5525525525526	0.0205479452054795	3.80626900140378	0.000814492965148809
1	3.5	-22.4924924924925	0.0203993948286186	3.80611400491996	0.000808521824332788
1	3.5	-22.4324324324324	0.0192109918137315	3.80487460333926	0.000760796611297648
1	3.5	-22.3723723723724	0.0182648401826483	3.80388857325504	0.000722855742764094
1	3.5	-22.3123123123123	0.0182648401826483	3.80388857325504	0.000722855742764094
1	3.5	-22.2522522522523	0.0182648401826483	3.80388857325504	0.000722855742764094
1	3.5	-22.1921921921922	0.0182648401826483	3.80388857325504	0.000722855742764094
1	3.5	-22.1321321321321	0.0182648401826483	3.80388857325504	0.000722855742764094
1	3.5	-22.0720720720721	0.0182648401826483	3.80388857325504	0.000722855742764094
1	3.5	-22.012012012012	0.0182648401826483	3.80388857325504	0.000722855742764094
1	3.5	-21.951951951952	0.0182648401826483	3.80388857325504	0.000722855742764094
1	3.5	-21.8918918918919	0.0182648401826483	3.80388857325504	0.000722855742764094
1	3.5	-21.8318318318318	0.0182648401826483	3.80388857325504	0.000722855742764094
1	3.5	-21.7717717717718	0.0182648401826483	3.80388857325504	0.000722855742764094
1	3.5	-21.7117117117117	0.0182648401826483	3.80388857325504	0.000722855742764094
1	3.5	-21.6516516516517	0.0190692976081104	3.80472689614302	0.000755111501822085
1	3.5	-21.5915915915916	0.0202577006229975	3.8059661768877	0.000802827412012254
1	3.5	-21.5315315315315	0.0205479452054795	3.80626900140378	0.000814492965148809
1	3.5	-21.4714714714715	0.0205479452054795	3.80626900140378	0.000814492965148809
1	3.5	-21.4114114114114	0.0215398046448275	3.80730430738057	0.000854393119511377
1	3.5	-21.3513513513514	0.0227282076597145	3.80854569789184	0.000902271568643089
1	3.5	-21.2912912912913	0.0228310502283105	3.80865317371351	0.000906418581527421
1	3.5	-21.2312312312312	0.0228310502283105	3.80865317371351	0.000906418581527421
1	3.5	-21.1711711711712	0.0228310502283105	3.80865317371351	0.000906418581527421
1	3.5	-21.1111111111111	0.0227464907830205	3.80856480414786	0.000903008772439535
1	3.5	-21.0510510510511	0.0215580877681334	3.80732339799993	0.000855129117740935
1	3.5	-20.990990990991	0.0205479452054795	3.80626900140378	0.000814492965148809
1	3.5	-20.9309309309309	0.0205479452054795	3.80626900140378	0.000814492965148809
1	3.5	-20.8708708708709	0.0205479452054795	3.80626900140378	0.000814492965148809
1	3.5	-20.8108108108108	0.0205479452054795	3.80626900140378	0.000814492965148809
1	3.5	-20.7507507507508	0.0205479452054795	3.80626900140378	0.000814492965148809
1	3.5	-20.6906906906907	0.0205479452054795	3.80626900140378	0.000814492965148809
1	3.5	-20.6306306306306	0.0200885817324174	3.80578975584982	0.000796032308693629
1	3.5	-20.5705705705706	0.0189001787175302	3.80455061930203	0.000748327498804866
1	3.5	-20.5105105105105	0.0182648401826483	3.80388857325504	0.000722855742764094
1	3.5	-20.4504504504505	0.0182648401826483	3.80388857325504	0.000722855742764094
1	3.5	-20.3903903903904	0.0182648401826483	3.80388857325504	0.000722855742764094
1	3.5	-20.3303303303303	0.0182648401826483	3.80388857325504	0.000722855742764094
1	3.5	-20.2702702702703	0.0182648401826483	3.80388857325504	0.000722855742764094
1	3.5	-20.2102102102102	0.0182648401826483	3.80388857325504	0.000722855742764094
1	3.5	-20.1501501501502	0.0182648401826483	3.80388857325504	0.000722855742764094
1	3.5	-20.0900900900901	0.0182648401826483	3.80388857325504	0.000722855742764094
1	3.5	-20.03003003003	0.0182648401826483	3.80388857325504	0.000722855742764094
1	3.5	-19.96996996997	0.0182648401826483	3.80388857325504	0.000722855742764094
1	3.5	-19.9099099099099	0.0182648401826483	3.80388857325504	0.000722855742764094
1	3.5	-19.8498498498498	0.0182648401826483	3.80388857325504	0.000722855742764094
1	3.5	-19.7897897897898	0.0182648401826483	3.80388857325504	0.000722855742764094
1	3.5	-19.7297297297297	0.0182648401826483	3.80388857325504	0.000722855742764094
1	3.5	-19.6696696696697	0.0182648401826483	3.80388857325504	0.000722855742764094
1	3.5	-19.6096096096096	0.0182648401826483	3.80388857325504	0.000722855742764094
1	3.5	-19.5495495495495	0.0182648401826483	3.80388857325504	0.000722855742764094
1	3.5	-19.4894894894895	0.0182648401826483	3.80388857325504	0.000722855742764094
1	3.5	-19.4294294294294	0.0182648401826483	3.80388857325504	0.000722855742764094
1	3.5	-19.3693693693694	0.0182648401826483	3.80388857325504	0.000722855742764094
1	3.5	-19.3093093093093	0.0182648401826483	3.80388857325504	0.000722855742764094
1	3.5	-19.2492492492492	0.0182648401826483	3.80388857325504	0.000722855742764094
1	3.5	-19.1891891891892	0.0182648401826483	3.80388857325504	0.000722855742764094
1	3.5	-19.1291291291291	0.0177757666342141	3.8033791376628	0.000703263139881234
1	3.5	-19.0690690690691	0.0165873636193271	3.80214197018798	0.000655709796874513
1	3.5	-19.009009009009	0.0159817351598174	3.80151187907934	0.000631505736058395
1	3.5	-18.9489489489489	0.0159817351598174	3.80151187907934	0.000631505736058395
1	3.5	-18.8888888888889	0.0159817351598174	3.80151187907934	0.000631505736058395
1	3.5	-18.8288288288288	0.0159817351598174	3.80151187907934	0.000631505736058395
1	3.5	-18.7687687687688	0.0159817351598174	3.80151187907934	0.000631505736058395
1	3.5	-18.7087087087087	0.0159817351598174	3.80151187907934	0.000631505736058395
1	3.5	-18.6486486486486	0.0168456127360237	3.80241073028297	0.000666036900376724
1	3.5	-18.5885885885886	0.0180340157509107	3.80364811735536	0.000713607125066923
1	3.5	-18.5285285285285	0.0182648401826483	3.80388857325504	0.000722855742764094
1	3.5	-18.4684684684685	0.0182648401826483	3.80388857325504	0.000722855742764094
1	3.5	-18.4084084084084	0.0182648401826483	3.80388857325504	0.000722855742764094
1	3.5	-18.3483483483483	0.0182648401826483	3.80388857325504	0.000722855742764094
1	3.5	-18.2882882882883	0.0182648401826483	3.80388857325504	0.000722855742764094
1	3.5	-18.2282282282282	0.0182648401826483	3.80388857325504	0.000722855742764094
1	3.5	-18.1681681681682	0.0182648401826483	3.80388857325504	0.000722855742764094
1	3.5	-18.1081081081081	0.0182648401826483	3.80388857325504	0.000722855742764094
1	3.5	-18.048048048048	0.0182648401826483	3.80388857325504	0.000722855742764094
1	3.5	-17.987987987988	0.0182648401826483	3.80388857325504	0.000722855742764094
1	3.5	-17.9279279279279	0.0182648401826483	3.80388857325504	0.000722855742764094
1	3.5	-17.8678678678679	0.0182648401826483	3.80388857325504	0.000722855742764094
1	3.5	-17.8078078078078	0.0182648401826483	3.80388857325504	0.000722855742764094
1	3.5	-17.7477477477477	0.0182648401826483	3.80388857325504	0.000722855742764094
1	3.5	-17.6876876876877	0.0182648401826483	3.80388857325504	0.000722855742764094
1	3.5	-17.6276276276276	0.0177460565588419	3.80334819615914	0.00070207335941247
1	3.5	-17.5675675675676	0.0165576535439549	3.80211105394341	0.000654521958045413
1	3.5	-17.5075075075075	0.0159817351598174	3.80151187907934	0.000631505736058395
1	3.5	-17.4474474474474	0.0159817351598174	3.80151187907934	0.000631505736058395
1	3.5	-17.3873873873874	0.0159817351598174	3.80151187907934	0.000631505736058395
1	3.5	-17.3273273273273	0.0159817351598174	3.80151187907934	0.000631505736058395
1	3.5	-17.2672672672673	0.0159817351598174	3.80151187907934	0.000631505736058395
1	3.5	-17.2072072072072	0.0159817351598174	3.80151187907934	0.000631505736058395
1	3.5	-17.1471471471471	0.0168753228113958	3.80244165264472	0.000667225209300674
1	3.5	-17.0870870870871	0.0180637258262828	3.80367906498488	0.000714797376632486
1	3.5	-17.027027027027	0.0182648401826483	3.80388857325504	0.000722855742764094
1	3.5	-16.966966966967	0.0182648401826483	3.80388857325504	0.000722855742764094
1	3.5	-16.9069069069069	0.0182648401826483	3.80388857325504	0.000722855742764094
1	3.5	-16.8468468468468	0.0182648401826483	3.80388857325504	0.000722855742764094
1	3.5	-16.7867867867868	0.019439530855056	3.80511287109356	0.00076996847789122
1	3.5	-16.7267267267267	0.0205479452054795	3.80626900140378	0.000814492965148809
1	3.5	-16.6666666666667	0.0205479452054795	3.80626900140378	0.000814492965148809
1	3.5	-16.6066066066066	0.0208953245482925	3.80663151659702	0.000828461014566751
1	3.5	-16.5465465465465	0.0232721305780665	3.80911421198224	0.000924211324414505
1	3.5	-16.4864864864865	0.0251141552511414	3.81104110041121	0.000998633776249721
1	3.5	-16.4264264264264	0.0251141552511414	3.81104110041121	0.000998633776249721
1	3.5	-16.3663663663664	0.0251141552511414	3.81104110041121	0.000998633776249721
1	3.5	-16.3063063063063	0.0251141552511414	3.81104110041121	0.000998633776249721
1	3.5	-16.2462462462462	0.0260237406356127	3.81199349468973	0.00103545309193423
1	3.5	-16.1861861861862	0.0284005466653867	3.81448498857821	0.00113188277835314
1	3.5	-16.1261261261261	0.0307773526951608	3.81698057856314	0.00122862945896522
1	3.5	-16.0660660660661	0.033154158724935	3.81948027633692	0.00132569449389335
1	3.5	-16.006006006006	0.0342465753424656	3.82063055699638	0.00137041423889112
1	3.5	-15.9459459459459	0.0342465753424656	3.82063055699638	0.00137041423889112
1	3.5	-15.8858858858859	0.0349824710555305	3.82140592339127	0.00140057739565668
1	3.5	-15.8258258258258	0.0361708740704174	3.82265890367337	0.00144935302800035
1	3.5	-15.7657657657658	0.0373592770853044	3.82391291757866	0.00149820902719189
1	3.5	-15.7057057057057	0.0385476801001914	3.82516796658642	0.00154714556601438
1	3.5	-15.6456456456456	0.0397360831150784	3.82642405217894	0.00159616281771456
1	3.5	-15.5855855855856	0.0409244861299658	3.82768117584148	0.00164526095600437
1	3.5	-15.5255255255255	0.0421128891448528	3.82893933906226	0.00169444015506238
1	3.5	-15.4654654654655	0.0433012921597398	3.83019854333251	0.00174370058953541
1	3.5	-15.4054054054054	0.0467110946563001	3.83381728316211	0.00188549264977556
1	3.5	-15.3453453453453	0.0502443082351758	3.83757608829651	0.00203312807181337
1	3.5	-15.2852852852853	0.0514327112500628	3.83884245599485	0.00208294906704162
1	3.5	-15.2252252252252	0.0525114155251142	3.83999283972811	0.00212824272996991
1	3.5	-15.1651651651652	0.0525114155251142	3.83999283972811	0.00212824272996991
1	3.5	-15.1051051051051	0.0535284142590077	3.84107821306742	0.00217100790466453
1	3.5	-15.045045045045	0.0594704293334431	3.84743520338987	0.00242208964066332
1	3.5	-14.984984984985	0.0648182429004347	3.85317921470644	0.0026498546668382
1	3.5	-14.9249249249249	0.0683834519450957	3.85702058581355	0.00280264946089277
1	3.5	-14.8648648648649	0.0711670574684274	3.86002653267386	0.00292247986762447
1	3.5	-14.8048048048048	0.0723554604833144	3.86131166084045	0.00297378199374166
1	3.5	-14.7447447447447	0.0730593607305937	3.86207336134562	0.00300420910609685
1	3.5	-14.6846846846847	0.0730593607305937	3.86207336134562	0.00300420910609685
1	3.5	-14.6246246246246	0.0736375645051446	3.86269932758702	0.00302922536222347
1	3.5	-14.5645645645646	0.0748259675200315	3.86398670273234	0.00308070615143729
1	3.5	-14.5045045045045	0.0760143705349185	3.8652751611809	0.00313227317340878
1	3.5	-14.4444444444444	0.0772027735498055	3.86656470451261	0.00318392661680418
1	3.5	-14.3843843843844	0.0791567823531293	3.86868737390591	0.00326904516587958
1	3.5	-14.3243243243243	0.0815335883829033	3.87127330387268	0.0033728980281152
1	3.5	-14.2642642642643	0.0830510876172977	3.87292660511482	0.0034393866473901
1	3.5	-14.2042042042042	0.0842394906321847	3.87422260475506	0.00349155569922788
1	3.5	-14.1441441441441	0.0863809014493944	3.87656066403267	0.00358578194439142
1	3.5	-14.0840840840841	0.0887577074791688	3.87915991313277	0.00369070099468856
1	3.5	-14.024024024024	0.0911345135089427	3.8817635703536	0.00379597395457802
1	3.5	-13.963963963964	0.0935113195387167	3.88437164865497	0.00390160238476092
1	3.5	-13.9039039039039	0.0947477157522821	3.88573010332386	0.00395669055412226
1	3.5	-13.8438438438438	0.0959361187671688	3.88703695946608	0.00400973163420403
1	3.5	-13.7837837837838	0.0971245217820561	3.88834492746376	0.00406286237652925
1	3.5	-13.7237237237237	0.098452333612151	3.88980764733238	0.00412233206338593
1	3.5	-13.6636636636637	0.100829139641925	3.8924294194059	0.00422906482344968
1	3.5	-13.6036036036036	0.102739726027397	3.89454016422122	0.00431512386510483
1	3.5	-13.5435435435435	0.102739726027397	3.89454016422122	0.00431512386510483
1	3.5	-13.4834834834835	0.103066536856491	3.89490150275263	0.00432986797392726
1	3.5	-13.4234234234234	0.104254939871378	3.89621617641178	0.00438354086868239
1	3.5	-13.3633633633634	0.105443342886265	3.89753197346778	0.00443730482381754
1	3.5	-13.3033033033033	0.106631745901152	3.89884889558307	0.00449116004128334
1	3.5	-13.2432432432432	0.107305936073059	3.89959649643371	0.00452175317019985
1	3.5	-13.1831831831832	0.107305936073059	3.89959649643371	0.00452175317019985
1	3.5	-13.1231231231231	0.107305936073059	3.89959649643371	0.00452175317019985
1	3.5	-13.0630630630631	0.107305936073059	3.89959649643371	0.00452175317019985
1	3.5	-13.003003003003	0.107305936073059	3.89959649643371	0.00452175317019985
1	3.5	-12.9429429429429	0.107305936073059	3.89959649643371	0.00452175317019985
1	3.5	-12.8828828828829	0.108101251936868	3.90047887862774	0.00455788058718246
1	3.5	-12.8228228228228	0.109289654951755	3.901798323016	0.00461194065014917
1	3.5	-12.7627627627628	0.10958904109589	3.90213089970772	0.00462557411474038
1	3.5	-12.7027027027027	0.10958904109589	3.90213089970772	0.00462557411474038
1	3.5	-12.6426426426426	0.110571758973586	3.9032230682454	0.0046703662239784
1	3.5	-12.5825825825826	0.111760161988473	3.9045448645743	0.00472461760321922
1	3.5	-12.5225225225225	0.11294856500336	3.90586779485717	0.00477896132767692
1	3.5	-12.4624624624625	0.114136968018247	3.9071918607784	0.00483339760286902
1	3.5	-12.4024024024024	0.115325371033134	3.90851706402588	0.00488792663488475
1	3.5	-12.3423423423423	0.116513774048021	3.90984340629104	0.00494254863038703
1	3.5	-12.2822822822823	0.117702177062908	3.9111708892688	0.00499726379661433
1	3.5	-12.2222222222222	0.118721461187215	3.91231037126115	0.0050442669572733
1	3.5	-12.1621621621622	0.118721461187215	3.91231037126115	0.0050442669572733
1	3.5	-12.1021021021021	0.118721461187215	3.91231037126115	0.0050442669572733
1	3.5	-12.042042042042	0.118721461187215	3.91231037126115	0.0050442669572733
1	3.5	-11.981981981982	0.118721461187215	3.91231037126115	0.0050442669572733
1	3.5	-11.9219219219219	0.118721461187215	3.91231037126115	0.0050442669572733
1	3.5	-11.8618618618619	0.119621905010033	3.91331769884454	0.00508584717990479
1	3.5	-11.8018018018018	0.121998711039807	3.91597979455266	0.00519586075970722
1	3.5	-11.7417417417417	0.123287671232877	3.91742539001855	0.00525567933272923
1	3.5	-11.6816816816817	0.123287671232877	3.91742539001855	0.00525567933272923
1	3.5	-11.6216216216216	0.123287671232877	3.91742539001855	0.00525567933272923
1	3.5	-11.5615615615616	0.123287671232877	3.91742539001855	0.00525567933272923
1	3.5	-11.5015015015015	0.124750321097353	3.91906742136494	0.00532369303260542
1	3.5	-11.4414414414414	0.127127127127127	3.92173944737822	0.00543452117566219
1	3.5	-11.3813813813814	0.127853881278539	3.9225573931831	0.00546848483115714
1	3.5	-11.3213213213213	0.127853881278539	3.9225573931831	0.00546848483115714
1	3.5	-11.2612612612613	0.127853881278539	3.9225573931831	0.00546848483115714
1	3.5	-11.2012012012012	0.127853881278539	3.9225573931831	0.00546848483115714
1	3.5	-11.1411411411411	0.127853881278539	3.9225573931831	0.00546848483115714
1	3.5	-11.0810810810811	0.127853881278539	3.9225573931831	0.00546848483115714
1	3.5	-11.021021021021	0.127853881278539	3.9225573931831	0.00546848483115714
1	3.5	-10.960960960961	0.127853881278539	3.9225573931831	0.00546848483115714
1	3.5	-10.9009009009009	0.127853881278539	3.9225573931831	0.00546848483115714
1	3.5	-10.8408408408408	0.127853881278539	3.9225573931831	0.00546848483115714
1	3.5	-10.7807807807808	0.127853881278539	3.9225573931831	0.00546848483115714
1	3.5	-10.7207207207207	0.127853881278539	3.9225573931831	0.00546848483115714
1	3.5	-10.6606606606607	0.127853881278539	3.9225573931831	0.00546848483115714
1	3.5	-10.6006006006006	0.128146411251434	3.92288675135037	0.00548216578091864
1	3.5	-10.5405405405405	0.129334814266321	3.92422549038228	0.00553780400836902
1	3.5	-10.4804804804805	0.130523217281208	3.92556538863938	0.00559353767946098
1	3.5	-10.4204204204204	0.131711620296095	3.92690644785889	0.00564936700836648
1	3.5	-10.3603603603604	0.132420091324201	3.92770647854592	0.00568269547767693
1	3.5	-10.3003003003003	0.132420091324201	3.92770647854592	0.00568269547767693
1	3.5	-10.2402402402402	0.13356735731165	3.92900288943444	0.00573673847567261
1	3.5	-10.1801801801802	0.135944163341424	3.93169213865192	0.00584898558355335
1	3.5	-10.1201201201201	0.136986301369863	3.93287274468873	0.00589832342740214
1	3.5	-10.0600600600601	0.136986301369863	3.93287274468873	0.00589832342740214
1	3.5	-10	0.136986301369863	3.93287274468873	0.00589832342740214
1	3.5	-9.93993993993994	0.136986301369863	3.93287274468873	0.00589832342740214
1	3.5	-9.87987987987988	0.13869577339897	3.93481130257158	0.00597941612661824
1	3.5	-9.81981981981982	0.141072579428744	3.9375106581748	0.00609249951156843
1	3.5	-9.75975975975976	0.141552511415525	3.93805629099211	0.00611538096714079
1	3.5	-9.6996996996997	0.141552511415525	3.93805629099211	0.00611538096714079
1	3.5	-9.63963963963964	0.141552511415525	3.93805629099211	0.00611538096714079
1	3.5	-9.57957957957958	0.141552511415525	3.93805629099211	0.00611538096714079
1	3.5	-9.51951951951952	0.140416672380143	3.93676527028822	0.00606125392481868
1	3.5	-9.45945945945946	0.139269406392694	3.93546235157763	0.00600667272540294
1	3.5	-9.3993993993994	0.139269406392694	3.93546235157763	0.00600667272540294
1	3.5	-9.33933933933934	0.139269406392694	3.93546235157763	0.00600667272540294
1	3.5	-9.27927927927928	0.139269406392694	3.93546235157763	0.00600667272540294
1	3.5	-9.21921921921922	0.139269406392694	3.93546235157763	0.00600667272540294
1	3.5	-9.15915915915916	0.139269406392694	3.93546235157763	0.00600667272540294
1	3.5	-9.0990990990991	0.139591646440962	3.9358282002628	0.00602199413925636
1	3.5	-9.03903903903904	0.140780049455849	3.9371781761124	0.00607856052736818
1	3.5	-8.97897897897898	0.141552511415525	3.93805629099211	0.00611538096714079
1	3.5	-8.91891891891892	0.141552511415525	3.93805629099211	0.00611538096714079
1	3.5	-8.85885885885886	0.142062153477679	3.93863591127971	0.00613969633371071
1	3.5	-8.7987987987988	0.143250556492565	3.93998833406647	0.00619646572152599
1	3.5	-8.73873873873874	0.144438959507453	3.94134193665151	0.00625333309895249
1	3.5	-8.67867867867868	0.14562736252234	3.9426967208154	0.00631029868732847
1	3.5	-8.61861861861862	0.146118721461187	3.94325721764384	0.00633388051712232
1	3.5	-8.55855855855856	0.146118721461187	3.94325721764384	0.00633388051712232
1	3.5	-8.4984984984985	0.146118721461187	3.94325721764384	0.00633388051712232
1	3.5	-8.43843843843844	0.146118721461187	3.94325721764384	0.00633388051712232
1	3.5	-8.37837837837838	0.146118721461187	3.94325721764384	0.00633388051712232
1	3.5	-8.31831831831832	0.146118721461187	3.94325721764384	0.00633388051712232
1	3.5	-8.25825825825826	0.147096868558056	3.94437360007044	0.00638087496394537
1	3.5	-8.1981981981982	0.148285271572943	3.94573103334466	0.00643806100918112
1	3.5	-8.13813813813814	0.148401826484018	3.9458642301318	0.00644367496418931
1	3.5	-8.07807807807808	0.148401826484018	3.9458642301318	0.00644367496418931
1	3.5	-8.01801801801802	0.148401826484018	3.9458642301318	0.00644367496418931
1	3.5	-7.95795795795796	0.148401826484018	3.9458642301318	0.00644367496418931
1	3.5	-7.8978978978979	0.148401826484018	3.9458642301318	0.00644367496418931
1	3.5	-7.83783783783784	0.148401826484018	3.9458642301318	0.00644367496418931
1	3.5	-7.77777777777778	0.148401826484018	3.9458642301318	0.00644367496418931
1	3.5	-7.71771771771772	0.148401826484018	3.9458642301318	0.00644367496418931
1	3.5	-7.65765765765766	0.148401826484018	3.9458642301318	0.00644367496418931
1	3.5	-7.5975975975976	0.148401826484018	3.9458642301318	0.00644367496418931
1	3.5	-7.53753753753754	0.148401826484018	3.9458642301318	0.00644367496418931
1	3.5	-7.47747747747748	0.148401826484018	3.9458642301318	0.00644367496418931
1	3.5	-7.41741741741742	0.148401826484018	3.9458642301318	0.00644367496418931
1	3.5	-7.35735735735736	0.148401826484018	3.9458642301318	0.00644367496418931
1	3.5	-7.2972972972973	0.148401826484018	3.9458642301318	0.00644367496418931
1	3.5	-7.23723723723724	0.148401826484018	3.9458642301318	0.00644367496418931
1	3.5	-7.17717717717718	0.148401826484018	3.9458642301318	0.00644367496418931
1	3.5	-7.11711711711712	0.14912858063543	3.94669500901327	0.00647870110393001
1	3.5	-7.05705705705706	0.150316983650317	3.94805447331909	0.00653605642002005
1	3.5	-6.996996996997	0.152325841823559	3.95035519874604	0.00663323491323927
1	3.5	-6.93693693693694	0.154702647853333	3.95308173635421	0.00674858088260436
1	3.5	-6.87687687687688	0.155251141552511	3.95371161683016	0.00677525600638856
1	3.5	-6.81681681681682	0.155251141552511	3.95371161683016	0.00677525600638856
1	3.5	-6.75675675675676	0.155251141552511	3.95371161683016	0.00677525600638856
1	3.5	-6.6966966966967	0.155251141552511	3.95371161683016	0.00677525600638856
1	3.5	-6.63663663663664	0.155251141552511	3.95371161683016	0.00677525600638856
1	3.5	-6.57657657657658	0.155257997723751	3.95371949195058	0.0067755895805315
1	3.5	-6.51651651651652	0.156446400738638	3.95508511556387	0.00683345955324643
1	3.5	-6.45645645645646	0.157534246575343	3.95633623816246	0.00688652091921626
1	3.5	-6.3963963963964	0.157534246575343	3.95633623816246	0.00688652091921626
1	3.5	-6.33633633633634	0.157534246575343	3.95633623816246	0.00688652091921626
1	3.5	-6.27627627627628	0.157534246575343	3.95633623816246	0.00688652091921626
1	3.5	-6.21621621621622	0.157822205767411	3.95666758613062	0.00690058069063631
1	3.5	-6.15615615615616	0.159010608782298	3.95803580078285	0.00695866775954543
1	3.5	-6.0960960960961	0.159817351598174	3.95896529385282	0.00699815746915887
1	3.5	-6.03603603603604	0.159817351598174	3.95896529385282	0.00699815746915887
1	3.5	-5.97597597597598	0.159817351598174	3.95896529385282	0.00699815746915887
1	3.5	-5.91591591591592	0.159817351598174	3.95896529385282	0.00699815746915887
1	3.5	-5.85585585585586	0.159817351598174	3.95896529385282	0.00699815746915887
1	3.5	-5.7957957957958	0.159817351598174	3.95896529385282	0.00699815746915887
1	3.5	-5.73573573573574	0.160480114818014	3.95972931550835	0.0070306343078475
1	3.5	-5.67567567567568	0.161668517832902	3.96110022486165	0.00708894753219676
1	3.5	-5.61561561561562	0.162100456621005	3.96159879686537	0.00711016728209027
1	3.5	-5.55555555555556	0.162100456621005	3.96159879686537	0.00711016728209027
1	3.5	-5.4954954954955	0.162950621854732	3.96258057962382	0.00715197234685693
1	3.5	-5.43543543543544	0.164139024869619	3.96395400191752	0.00721049681531709
1	3.5	-5.37537537537538	0.164383561643836	3.96423676021739	0.00722255199278818
1	3.5	-5.31531531531532	0.164383561643836	3.96423676021739	0.00722255199278818
1	3.5	-5.25525525525526	0.165421128891449	3.96543707205062	0.00727375006988261
1	3.5	-5.1951951951952	0.166609531906336	3.96681301525537	0.00733248678500462
1	3.5	-5.13513513513514	0.166666666666667	3.96687919697963	0.00733531324499327
1	3.5	-5.07507507507508	0.166703232913279	3.96692155475767	0.00733712230368031
1	3.5	-5.01501501501502	0.167891635928166	3.96829880937761	0.00739596956428139
1	3.5	-4.95495495495495	0.168949771689498	3.96952612027651	0.00744845269146839
1	3.5	-4.89489489489489	0.168949771689498	3.96952612027651	0.00744845269146839
1	3.5	-4.83483483483483	0.168949771689498	3.96952612027651	0.00744845269146839
1	3.5	-4.77477477477477	0.168949771689498	3.96952612027651	0.00744845269146839
1	3.5	-4.71471471471471	0.168949771689498	3.96952612027651	0.00744845269146839
1	3.5	-4.65465465465465	0.168949771689498	3.96952612027651	0.00744845269146839
1	3.5	-4.59459459459459	0.168949771689498	3.96952612027651	0.00744845269146839
1	3.5	-4.53453453453453	0.168949771689498	3.96952612027651	0.00744845269146839
1	3.5	-4.47447447447447	0.168949771689498	3.96952612027651	0.00744845269146839
1	3.5	-4.41441441441441	0.168949771689498	3.96952612027651	0.00744845269146839
1	3.5	-4.35435435435435	0.169548543977768	3.97022105263168	0.00747818770529612
1	3.5	-4.29429429429429	0.170736946992655	3.971601225339	0.00753728126856065
1	3.5	-4.23423423423423	0.171925350007542	3.9729826200102	0.00759647810468788
1	3.5	-4.17417417417417	0.173113753022429	3.97436523851568	0.00765577845004129
1	3.5	-4.11411411411411	0.17351598173516	3.9748334792423	0.00767587282375159
1	3.5	-4.05405405405405	0.17351598173516	3.9748334792423	0.00767587282375159
1	3.5	-3.99399399399399	0.17351598173516	3.9748334792423	0.00767587282375159
1	3.5	-3.93393393393393	0.17351598173516	3.9748334792423	0.00767587282375159
1	3.5	-3.87387387387387	0.17351598173516	3.9748334792423	0.00767587282375159
1	3.5	-3.81381381381381	0.17351598173516	3.9748334792423	0.00767587282375159
1	3.5	-3.75375375375375	0.17351598173516	3.9748334792423	0.00767587282375159
1	3.5	-3.69369369369369	0.17351598173516	3.9748334792423	0.00767587282375159
1	3.5	-3.63363363363363	0.174676960065088	3.97618578044957	0.00773393923596399
1	3.5	-3.57357357357357	0.175931639401959	3.97764854200089	0.00779680377552583
1	3.5	-3.51351351351351	0.178308445431733	3.98042329020422	0.00791621040857961
1	3.5	-3.45345345345345	0.180365296803653	3.98282849793257	0.00801988132374101
1	3.5	-3.39339339339339	0.180365296803653	3.98282849793257	0.00801988132374101
1	3.5	-3.33333333333333	0.180872653475393	3.98342235197569	0.00804550189140939
1	3.5	-3.27327327327327	0.183249459505167	3.98620737798188	0.00816578206139412
1	3.5	-3.21321321321321	0.185278886192128	3.98858929261729	0.00826881767554277
1	3.5	-3.15315315315315	0.186467289207015	3.98998579259564	0.00832929756303128
1	3.5	-3.09309309309309	0.187214611872146	3.99086461478661	0.00836738461375667
1	3.5	-3.03303303303303	0.187214611872146	3.99086461478661	0.00836738461375667
1	3.5	-2.97297297297297	0.187214611872146	3.99086461478661	0.00836738461375667
1	3.5	-2.91291291291291	0.187214611872146	3.99086461478661	0.00836738461375667
1	3.5	-2.85285285285285	0.187214611872146	3.99086461478661	0.00836738461375667
1	3.5	-2.79279279279279	0.187214611872146	3.99086461478661	0.00836738461375667
1	3.5	-2.73273273273273	0.187214611872146	3.99086461478661	0.00836738461375667
1	3.5	-2.67267267267267	0.187214611872146	3.99086461478661	0.00836738461375667
1	3.5	-2.61261261261261	0.187214611872146	3.99086461478661	0.00836738461375667
1	3.5	-2.55255255255255	0.187214611872146	3.99086461478661	0.00836738461375667
1	3.5	-2.49249249249249	0.187214611872146	3.99086461478661	0.00836738461375667
1	3.5	-2.43243243243243	0.187214611872146	3.99086461478661	0.00836738461375667
1	3.5	-2.37237237237237	0.187214611872146	3.99086461478661	0.00836738461375667
1	3.5	-2.31231231231231	0.187214611872146	3.99086461478661	0.00836738461375667
1	3.5	-2.25225225225225	0.187214611872146	3.99086461478661	0.00836738461375667
1	3.5	-2.19219219219219	0.187214611872146	3.99086461478661	0.00836738461375667
1	3.5	-2.13213213213213	0.187214611872146	3.99086461478661	0.00836738461375667
1	3.5	-2.07207207207207	0.187214611872146	3.99086461478661	0.00836738461375667
1	3.5	-2.01201201201201	0.187214611872146	3.99086461478661	0.00836738461375667
1	3.5	-1.95195195195195	0.187404299276445	3.99108775827453	0.00837705867527043
1	3.5	-1.89189189189189	0.188592702291332	3.99248648991009	0.00843772913015015
1	3.5	-1.83183183183183	0.189781105306219	3.99388647204012	0.00849850648166656
1	3.5	-1.77177177177177	0.190969508321107	3.99528770659649	0.00855939097660592
1	3.5	-1.71171171171171	0.191780821917808	3.99624503901296	0.00860101802115037
1	3.5	-1.65165165165165	0.191780821917808	3.99624503901296	0.00860101802115037
1	3.5	-1.59159159159159	0.192251612342937	3.99680082977929	0.00862519641288431
1	3.5	-1.53153153153153	0.193440015357824	3.99820467413797	0.00868630443539379
1	3.5	-1.47147147147147	0.19406392694064	3.99894219605633	0.00871842932821354
1	3.5	-1.41141141141141	0.19406392694064	3.99894219605633	0.00871842932821354
1	3.5	-1.35135135135135	0.19406392694064	3.99894219605633	0.00871842932821354
1	3.5	-1.29129129129129	0.19406392694064	3.99894219605633	0.00871842932821354
1	3.5	-1.23123123123123	0.19406392694064	3.99894219605633	0.00871842932821354
1	3.5	-1.17117117117117	0.19406392694064	3.99894219605633	0.00871842932821354
1	3.5	-1.11111111111111	0.19406392694064	3.99894219605633	0.00871842932821354
1	3.5	-1.05105105105105	0.19406392694064	3.99894219605633	0.00871842932821354
1	3.5	-0.990990990990991	0.19406392694064	3.99894219605633	0.00871842932821354
1	3.5	-0.930930930930931	0.19406392694064	3.99894219605633	0.00871842932821354
1	3.5	-0.870870870870871	0.19406392694064	3.99894219605633	0.00871842932821354
1	3.5	-0.810810810810811	0.19406392694064	3.99894219605633	0.00871842932821354
1	3.5	-0.750750750750751	0.19406392694064	3.99894219605633	0.00871842932821354
1	3.5	-0.690690690690691	0.19406392694064	3.99894219605633	0.00871842932821354
1	3.5	-0.630630630630631	0.19406392694064	3.99894219605633	0.00871842932821354
1	3.5	-0.570570570570571	0.19406392694064	3.99894219605633	0.00871842932821354
1	3.5	-0.510510510510511	0.19406392694064	3.99894219605633	0.00871842932821354
1	3.5	-0.45045045045045	0.193844529460968	3.9986828081327	0.0087071292698738
1	3.5	-0.39039039039039	0.192656126446081	3.99727853565236	0.00864598454522158
1	3.5	-0.33033033033033	0.191780821917808	3.99624503901296	0.00860101802115037
1	3.5	-0.27027027027027	0.191780821917808	3.99624503901296	0.00860101802115037
1	3.5	-0.21021021021021	0.191780821917808	3.99624503901296	0.00860101802115037
1	3.5	-0.15015015015015	0.191780821917808	3.99624503901296	0.00860101802115037
1	3.5	-0.0900900900900901	0.191780821917808	3.99624503901296	0.00860101802115037
1	3.5	-0.03003003003003	0.191780821917808	3.99624503901296	0.00860101802115037
1	3.5	0.03003003003003	0.191780821917808	3.99624503901296	0.00860101802115037
1	3.5	0.0900900900900901	0.191780821917808	3.99624503901296	0.00860101802115037
1	3.5	0.15015015015015	0.191780821917808	3.99624503901296	0.00860101802115037
1	3.5	0.21021021021021	0.191780821917808	3.99624503901296	0.00860101802115037
1	3.5	0.27027027027027	0.191780821917808	3.99624503901296	0.00860101802115037
1	3.5	0.33033033033033	0.191780821917808	3.99624503901296	0.00860101802115037
1	3.5	0.39039039039039	0.189154908332991	3.9931486331718	0.00846646815417408
1	3.5	0.45045045045045	0.18558969928833	3.98895441075554	0.00828462522563415
1	3.5	0.510510510510511	0.184931506849315	3.98818132019152	0.00825115901100288
1	3.5	0.570570570570571	0.184931506849315	3.98818132019152	0.00825115901100288
1	3.5	0.630630630630631	0.183868800307156	3.98693390671629	0.0081971937223267
1	3.5	0.690690690690691	0.182680397292269	3.98554012677624	0.00813694575536162
1	3.5	0.750750750750751	0.182648401826484	3.98550261909504	0.00813532515670994
1	3.5	0.810810810810811	0.182648401826484	3.98550261909504	0.00813532515670994
1	3.5	0.870870870870871	0.182648401826484	3.98550261909504	0.00813532515670994
1	3.5	0.930930930930931	0.182648401826484	3.98550261909504	0.00813532515670994
1	3.5	0.990990990990991	0.182648401826484	3.98550261909504	0.00813532515670994
1	3.5	1.05105105105105	0.182648401826484	3.98550261909504	0.00813532515670994
1	3.5	1.11111111111111	0.182648401826484	3.98550261909504	0.00813532515670994
1	3.5	1.17117117117117	0.182648401826484	3.98550261909504	0.00813532515670994
1	3.5	1.23123123123123	0.182648401826484	3.98550261909504	0.00813532515670994
1	3.5	1.29129129129129	0.182648401826484	3.98550261909504	0.00813532515670994
1	3.5	1.35135135135135	0.182648401826484	3.98550261909504	0.00813532515670994
1	3.5	1.41141141141141	0.182648401826484	3.98550261909504	0.00813532515670994
1	3.5	1.47147147147147	0.182648401826484	3.98550261909504	0.00813532515670994
1	3.5	1.53153153153153	0.182024490243669	3.98477139904619	0.00810373878701509
1	3.5	1.59159159159159	0.180836087228781	3.98337954414058	0.00804365472240078
1	3.5	1.65165165165165	0.180365296803653	3.98282849793257	0.00801988132374101
1	3.5	1.71171171171171	0.180365296803653	3.98282849793257	0.00801988132374101
1	3.5	1.77177177177177	0.17874266961025	3.98093074814701	0.00793807030926243
1	3.5	1.83183183183183	0.176365863580476	3.97815509934146	0.00781858724195181
1	3.5	1.89189189189189	0.175799086757991	3.97749394143127	0.00779015686073818
1	3.5	1.95195195195195	0.175799086757991	3.97749394143127	0.00779015686073818
1	3.5	2.01201201201201	0.175799086757991	3.97749394143127	0.00779015686073818
1	3.5	2.07207207207207	0.175799086757991	3.97749394143127	0.00779015686073818
1	3.5	2.13213213213213	0.175799086757991	3.97749394143127	0.00779015686073818
1	3.5	2.19219219219219	0.175799086757991	3.97749394143127	0.00779015686073818
1	3.5	2.25225225225225	0.175799086757991	3.97749394143127	0.00779015686073818
1	3.5	2.31231231231231	0.175799086757991	3.97749394143127	0.00779015686073818
1	3.5	2.37237237237237	0.175799086757991	3.97749394143127	0.00779015686073818
1	3.5	2.43243243243243	0.175799086757991	3.97749394143127	0.00779015686073818
1	3.5	2.49249249249249	0.175799086757991	3.97749394143127	0.00779015686073818
1	3.5	2.55255255255255	0.175799086757991	3.97749394143127	0.00779015686073818
1	3.5	2.61261261261261	0.175799086757991	3.97749394143127	0.00779015686073818
1	3.5	2.67267267267267	0.175426568120632	3.97705954243993	0.00777148368351416
1	3.5	2.73273273273273	0.174238165105745	3.97567453678742	0.00771198121311219
1	3.5	2.79279279279279	0.173049762090858	3.97429075862078	0.00765258271387901
1	3.5	2.85285285285285	0.171861359075971	3.97290820606178	0.00759328794813147
1	3.5	2.91291291291291	0.171232876712329	3.97217754328649	0.00756197199405864
1	3.5	2.97297297297297	0.171232876712329	3.97217754328649	0.00756197199405864
1	3.5	3.03303303303303	0.171232876712329	3.97217754328649	0.00756197199405864
1	3.5	3.09309309309309	0.171232876712329	3.97217754328649	0.00756197199405864
1	3.5	3.15315315315315	0.170485554047198	3.97130916388511	0.00752477210261135
1	3.5	3.21321321321321	0.169297151032311	3.96992924943085	0.00746570035530464
1	3.5	3.27327327327327	0.168108748017424	3.96855055467978	0.00740673159540075
1	3.5	3.33333333333333	0.166920345002537	3.96717307777034	0.00734786558802506
1	3.5	3.39339339339339	0.166666666666667	3.96687919697963	0.00733531324499327
1	3.5	3.45345345345345	0.166666666666667	3.96687919697963	0.00733531324499327
1	3.5	3.51351351351351	0.163581389608787	3.9633093991478	0.00718302264979754
1	3.5	3.57357357357357	0.160016180564126	3.95919446098432	0.00700789721625576
1	3.5	3.63363363363363	0.159817351598174	3.95896529385282	0.00699815746915887
1	3.5	3.69369369369369	0.159817351598174	3.95896529385282	0.00699815746915887
1	3.5	3.75375375375375	0.159817351598174	3.95896529385282	0.00699815746915887
1	3.5	3.81381381381381	0.159696225906272	3.9588257028231	0.00699222544765338
1	3.5	3.87387387387387	0.158507822891384	3.95745679393975	0.0069340801511389
1	3.5	3.93393393393393	0.157534246575343	3.95633623816246	0.00688652091921626
1	3.5	3.99399399399399	0.157534246575343	3.95633623816246	0.00688652091921626
1	3.5	4.05405405405405	0.15784277428113	3.95669125654259	0.00690158518633074
1	3.5	4.11411411411411	0.159031177296017	3.95805949201289	0.00695967400095763
1	3.5	4.17417417417417	0.159817351598174	3.95896529385282	0.00699815746915887
1	3.5	4.23423423423423	0.159817351598174	3.95896529385282	0.00699815746915887
1	3.5	4.29429429429429	0.159321421878499	3.9583938400421	0.00697387641098068
1	3.5	4.35435435435435	0.158133018863613	3.95702531074717	0.0069157629550156
1	3.5	4.41441441441441	0.157534246575343	3.95633623816246	0.00688652091921626
1	3.5	4.47447447447447	0.157534246575343	3.95633623816246	0.00688652091921626
1	3.5	4.53453453453453	0.156850914841782	3.95555022643908	0.00685318051265287
1	3.5	4.59459459459459	0.155662511826895	3.95418419464264	0.00679527636275227
1	3.5	4.65465465465465	0.155251141552511	3.95371161683016	0.00677525600638856
1	3.5	4.71471471471471	0.155251141552511	3.95371161683016	0.00677525600638856
1	3.5	4.77477477477477	0.155251141552511	3.95371161683016	0.00677525600638856
1	3.5	4.83483483483483	0.155251141552511	3.95371161683016	0.00677525600638856
1	3.5	4.89489489489489	0.155251141552511	3.95371161683016	0.00677525600638856
1	3.5	4.95495495495495	0.155251141552511	3.95371161683016	0.00677525600638856
1	3.5	5.01501501501502	0.154193005791179	3.95249670096767	0.00672381436752799
1	3.5	5.07507507507508	0.153004602776292	3.95113334733517	0.00666613430075146
1	3.5	5.13513513513514	0.15296803652968	3.95109141694466	0.0066643611136473
1	3.5	5.1951951951952	0.15296803652968	3.95109141694466	0.0066643611136473
1	3.5	5.25525525525526	0.15296803652968	3.95109141694466	0.0066643611136473
1	3.5	5.31531531531532	0.15296803652968	3.95109141694466	0.0066643611136473
1	3.5	5.37537537537538	0.15296803652968	3.95109141694466	0.0066643611136473
1	3.5	5.43543543543544	0.152723499755463	3.95081103652438	0.00665250535375253
1	3.5	5.4954954954955	0.151535096740576	3.9494491597032	0.00659494869126428
1	3.5	5.55555555555556	0.150346693725689	3.94808847517177	0.00653749157445926
1	3.5	5.61561561561562	0.149158290710802	3.94672898112685	0.00648013377823337
1	3.5	5.67567567567568	0.148401826484018	3.9458642301318	0.00644367496418931
1	3.5	5.73573573573574	0.148401826484018	3.9458642301318	0.00644367496418931
1	3.5	5.7957957957958	0.148401826484018	3.9458642301318	0.00644367496418931
1	3.5	5.85585585585586	0.148401826484018	3.9458642301318	0.00644367496418931
1	3.5	5.91591591591592	0.148401826484018	3.9458642301318	0.00644367496418931
1	3.5	5.97597597597598	0.148401826484018	3.9458642301318	0.00644367496418931
1	3.5	6.03603603603604	0.148401826484018	3.9458642301318	0.00644367496418931
1	3.5	6.0960960960961	0.148401826484018	3.9458642301318	0.00644367496418931
1	3.5	6.15615615615616	0.147595083668143	3.9449425334333	0.00640483708426796
1	3.5	6.21621621621622	0.146406680653256	3.94358578892248	0.00634770839289736
1	3.5	6.27627627627628	0.144317833815551	3.9412039192633	0.00624753250973645
1	3.5	6.33633633633634	0.141941027785777	3.93849813437043	0.00613391571701477
1	3.5	6.3963963963964	0.141552511415525	3.93805629099211	0.00611538096714079
1	3.5	6.45645645645646	0.141552511415525	3.93805629099211	0.00611538096714079
1	3.5	6.51651651651652	0.141552511415525	3.93805629099211	0.00611538096714079
1	3.5	6.57657657657658	0.141552511415525	3.93805629099211	0.00611538096714079
1	3.5	6.63663663663664	0.140370964571878	3.93671334023179	0.00605907763900603
1	3.5	6.6966966966967	0.139182561556991	3.93536376882552	0.00600254477343053
1	3.5	6.75675675675676	0.137994158542104	3.93401537115083	0.00594610914451311
1	3.5	6.81681681681682	0.136986301369863	3.93287274468873	0.00589832342740214
1	3.5	6.87687687687688	0.136986301369863	3.93287274468873	0.00589832342740214
1	3.5	6.93693693693694	0.136986301369863	3.93287274468873	0.00589832342740214
1	3.5	6.996996996997	0.136986301369863	3.93287274468873	0.00589832342740214
1	3.5	7.05705705705706	0.136986301369863	3.93287274468873	0.00589832342740214
1	3.5	7.11711711711712	0.136986301369863	3.93287274468873	0.00589832342740214
1	3.5	7.17717717717718	0.136986301369863	3.93287274468873	0.00589832342740214
1	3.5	7.23723723723724	0.136986301369863	3.93287274468873	0.00589832342740214
1	3.5	7.2972972972973	0.136430951499445	3.93224349399685	0.00587202229169726
1	3.5	7.35735735735736	0.135242548484558	3.93089780719768	0.00581581096505384
1	3.5	7.41741741741742	0.134703196347032	3.93028745782736	0.00579033152482006
1	3.5	7.47747747747748	0.134703196347032	3.93028745782736	0.00579033152482006
1	3.5	7.53753753753754	0.134703196347032	3.93028745782736	0.00579033152482006
1	3.5	7.5975975975976	0.134703196347032	3.93028745782736	0.00579033152482006
1	3.5	7.65765765765766	0.134703196347032	3.93028745782736	0.00579033152482006
1	3.5	7.71771771771772	0.134703196347032	3.93028745782736	0.00579033152482006
1	3.5	7.77777777777778	0.134703196347032	3.93028745782736	0.00579033152482006
1	3.5	7.83783783783784	0.134703196347032	3.93028745782736	0.00579033152482006
1	3.5	7.8978978978979	0.134703196347032	3.93028745782736	0.00579033152482006
1	3.5	7.95795795795796	0.134703196347032	3.93028745782736	0.00579033152482006
1	3.5	8.01801801801802	0.134703196347032	3.93028745782736	0.00579033152482006
1	3.5	8.07807807807808	0.134703196347032	3.93028745782736	0.00579033152482006
1	3.5	8.13813813813814	0.134703196347032	3.93028745782736	0.00579033152482006
1	3.5	8.1981981981982	0.134703196347032	3.93028745782736	0.00579033152482006
1	3.5	8.25825825825826	0.134703196347032	3.93028745782736	0.00579033152482006
1	3.5	8.31831831831832	0.134703196347032	3.93028745782736	0.00579033152482006
1	3.5	8.37837837837838	0.134703196347032	3.93028745782736	0.00579033152482006
1	3.5	8.43843843843844	0.134703196347032	3.93028745782736	0.00579033152482006
1	3.5	8.4984984984985	0.134703196347032	3.93028745782736	0.00579033152482006
1	3.5	8.55855855855856	0.134703196347032	3.93028745782736	0.00579033152482006
1	3.5	8.61861861861862	0.134703196347032	3.93028745782736	0.00579033152482006
1	3.5	8.67867867867868	0.133720478469337	3.92917599850675	0.00574395816365837
1	3.5	8.73873873873874	0.131343672439563	3.92649111110808	0.00563207115269691
1	3.5	8.7987987987988	0.13013698630137	3.92512979444699	0.00557541375427748
1	3.5	8.85885885885886	0.13013698630137	3.92512979444699	0.00557541375427748
1	3.5	8.91891891891892	0.13013698630137	3.92512979444699	0.00557541375427748
1	3.5	8.97897897897898	0.13013698630137	3.92512979444699	0.00557541375427748
1	3.5	9.03903903903904	0.13013698630137	3.92512979444699	0.00557541375427748
1	3.5	9.0990990990991	0.13013698630137	3.92512979444699	0.00557541375427748
1	3.5	9.15915915915916	0.13013698630137	3.92512979444699	0.00557541375427748
1	3.5	9.21921921921922	0.13013698630137	3.92512979444699	0.00557541375427748
1	3.5	9.27927927927928	0.13013698630137	3.92512979444699	0.00557541375427748
1	3.5	9.33933933933934	0.13013698630137	3.92512979444699	0.00557541375427748
1	3.5	9.3993993993994	0.129083421320864	3.92394219897196	0.00552602643101366
1	3.5	9.45945945945946	0.127895018305977	3.92260370493848	0.00547040836617625
1	3.5	9.51951951951952	0.125559349303642	3.91997641966919	0.00536137465237109
1	3.5	9.57957957957958	0.123287671232877	3.91742539001855	0.00525567933272923
1	3.5	9.63963963963964	0.123287671232877	3.91742539001855	0.00525567933272923
1	3.5	9.6996996996997	0.123287671232877	3.91742539001855	0.00525567933272923
1	3.5	9.75975975975976	0.123287671232877	3.91742539001855	0.00525567933272923
1	3.5	9.81981981981982	0.123287671232877	3.91742539001855	0.00525567933272923
1	3.5	9.87987987987988	0.123287671232877	3.91742539001855	0.00525567933272923
1	3.5	9.93993993993994	0.122954004232543	3.917051045853	0.00524018374515232
1	3.5	10	0.121765601217656	3.9157185014163	0.00518505433958997
1	3.5	10.0600600600601	0.120577198202769	3.91438710522501	0.0051300190275296
1	3.5	10.1201201201201	0.119388795187882	3.91305685556847	0.00507507759916573
1	3.5	10.1801801801802	0.118200392172995	3.91172775073962	0.00502022984527708
1	3.5	10.2402402402402	0.117011989158108	3.91039978903495	0.00496547555722464
1	3.5	10.3003003003003	0.115823586143221	3.90907296875452	0.0049108145269497
1	3.5	10.3603603603604	0.114635183128334	3.90774728820189	0.00485624654697187
1	3.5	10.4204204204204	0.114155251141553	3.90721223990227	0.00483423580798794
1	3.5	10.4804804804805	0.114155251141553	3.90721223990227	0.00483423580798794
1	3.5	10.5405405405405	0.113353079106504	3.90631835895349	0.00479748019806511
1	3.5	10.6006006006006	0.112164676091617	3.90499504230606	0.0047431049938616
1	3.5	10.6606606606607	0.111872146118722	3.90466947689406	0.00472973451008935
1	3.5	10.7207207207207	0.111872146118722	3.90466947689406	0.00472973451008935
1	3.5	10.7807807807808	0.111872146118722	3.90466947689406	0.00472973451008935
1	3.5	10.8408408408408	0.111872146118722	3.90466947689406	0.00472973451008935
1	3.5	10.9009009009009	0.111872146118722	3.90466947689406	0.00472973451008935
1	3.5	10.960960960961	0.111872146118722	3.90466947689406	0.00472973451008935
1	3.5	11.021021021021	0.111872146118722	3.90466947689406	0.00472973451008935
1	3.5	11.0810810810811	0.111872146118722	3.90466947689406	0.00472973451008935
1	3.5	11.1411411411411	0.111872146118722	3.90466947689406	0.00472973451008935
1	3.5	11.2012012012012	0.111872146118722	3.90466947689406	0.00472973451008935
1	3.5	11.2612612612613	0.111872146118722	3.90466947689406	0.00472973451008935
1	3.5	11.3213213213213	0.111063117912433	3.90376944279873	0.00469278589848842
1	3.5	11.3813813813814	0.107497908867772	3.899809438979	0.00453046982356911
1	3.5	11.4414414414414	0.103932699823111	3.89585958665405	0.00436897826717178
1	3.5	11.5015015015015	0.10036749077845	3.89191984086956	0.00420830576556781
1	3.5	11.5615615615616	0.0977164378990865	3.88899681145811	0.00408935908578254
1	3.5	11.6216216216216	0.0965280348841992	3.88768828905977	0.00403618361089613
1	3.5	11.6816816816817	0.095890410958904	3.88698667521932	0.00400768993597286
1	3.5	11.7417417417417	0.095890410958904	3.88698667521932	0.00400768993597286
1	3.5	11.8018018018018	0.0946014507658341	3.88556933625398	0.00395016860829673
1	3.5	11.8618618618619	0.0922246447360601	3.8829592258572	0.00384437661587186
1	3.5	11.9219219219219	0.0913242009132419	3.88197155255395	0.00380439084255776
1	3.5	11.981981981982	0.0913242009132419	3.88197155255395	0.00380439084255776
1	3.5	12.042042042042	0.0904923188028211	3.88105964684968	0.00376749502859993
1	3.5	12.1021021021021	0.0893039157879341	3.87975786301082	0.00371486215386907
1	3.5	12.1621621621622	0.0871899296556831	3.87744491437846	0.0036214551411358
1	3.5	12.2222222222222	0.0848131236259091	3.87484856587479	0.00351676868494473
1	3.5	12.2822822822823	0.0824363175961351	3.87225660410071	0.00341243356701924
1	3.5	12.3423423423423	0.0800595115663611	3.86966901623715	0.00330844824926707
1	3.5	12.4024024024024	0.078795690667837	3.86829489296832	0.00325329798081542
1	3.5	12.4624624624625	0.077589004529644	3.8669840399484	0.00320073262507421
1	3.5	12.5225225225225	0.07521219849987	3.86440533282683	0.00309745596579288
1	3.5	12.5825825825826	0.0729473766003445	3.86195215636126	0.00299936641306733
1	3.5	12.6426426426426	0.0717589735854575	3.86066649045351	0.00294802155435275
1	3.5	12.7027027027027	0.0699535151589946	3.85871533201312	0.00287018089503546
1	3.5	12.7627627627628	0.0651999030994466	3.85358997734229	0.00266617503835737
1	3.5	12.8228228228228	0.0616438356164384	3.84976702368475	0.00251444995682366
1	3.5	12.8828828828829	0.0616438356164384	3.84976702368475	0.00251444995682366
1	3.5	12.9429429429429	0.0604645741632044	3.84850136704712	0.00246430160763026
1	3.5	13.003003003003	0.0568993651185434	3.84468133159202	0.00231319257867201
1	3.5	13.0630630630631	0.0538209442319031	3.84139055345264	0.0021833201418346
1	3.5	13.1231231231231	0.0514441382021291	3.83885463771535	0.0020834285158244
1	3.5	13.1831831831832	0.0490673321723551	3.83632293343433	0.00198386738299139
1	3.5	13.2432432432432	0.0466905261425808	3.83379542850192	0.00188463531824288
1	3.5	13.3033033033033	0.045662100456621	3.83270309514681	0.00184180000772615
1	3.5	13.3633633633634	0.045662100456621	3.83270309514681	0.00184180000772615
1	3.5	13.4234234234234	0.0441263180989209	3.83107333470523	0.00177794656534644
1	3.5	13.4834834834835	0.0417495120691469	3.82855452103693	0.00167939405517405
1	3.5	13.5435435435435	0.0393727060393729	3.82603986974436	0.00158116627332538
1	3.5	13.6036036036036	0.0369959000095985	3.82352936891698	0.00148326182564048
1	3.5	13.6636636636637	0.0365296803652968	3.8230374104165	0.00146409530442869
1	3.5	13.7237237237237	0.0365296803652968	3.8230374104165	0.00146409530442869
1	3.5	13.7837837837838	0.0354806861656177	3.82193108554215	0.0014210158688755
1	3.5	13.8438438438438	0.0342922831507307	3.8206787048787	0.00137228683199403
1	3.5	13.9039039039039	0.0331038801358436	3.81942735550601	0.00132363788977242
1	3.5	13.963963963964	0.0319154771209565	3.81817703595241	0.00127506887061735
1	3.5	14.024024024024	0.0307270741060695	3.81692774474914	0.0012265796033938
1	3.5	14.0840840840841	0.0293969768855614	3.81553071736369	0.00117240329522883
1	3.5	14.1441441441441	0.0270201708557873	3.81303750768596	0.00107584088020383
1	3.5	14.2042042042042	0.0248787600385773	3.8107947238694	0.000989112679699612
1	3.5	14.2642642642643	0.0236903570236903	3.80955149174943	0.000941092153891849
1	3.5	14.3243243243243	0.0228310502283105	3.80865317371351	0.000906418581527421
1	3.5	14.3843843843844	0.0228310502283105	3.80865317371351	0.000906418581527421
1	3.5	14.4444444444444	0.0228310502283105	3.80865317371351	0.000906418581527421
1	3.5	14.5045045045045	0.0228310502283105	3.80865317371351	0.000906418581527421
1	3.5	14.5645645645646	0.0228310502283105	3.80865317371351	0.000906418581527421
1	3.5	14.6246246246246	0.0228310502283105	3.80865317371351	0.000906418581527421
1	3.5	14.6846846846847	0.0228310502283105	3.80865317371351	0.000906418581527421
1	3.5	14.7447447447447	0.0228310502283105	3.80865317371351	0.000906418581527421
1	3.5	14.8048048048048	0.0228310502283105	3.80865317371351	0.000906418581527421
1	3.5	14.8648648648649	0.0228310502283105	3.80865317371351	0.000906418581527421
1	3.5	14.9249249249249	0.0228310502283105	3.80865317371351	0.000906418581527421
1	3.5	14.984984984985	0.0228310502283105	3.80865317371351	0.000906418581527421
1	3.5	15.045045045045	0.0228310502283105	3.80865317371351	0.000906418581527421
1	3.5	15.1051051051051	0.0228310502283105	3.80865317371351	0.000906418581527421
1	3.5	15.1651651651652	0.0228310502283105	3.80865317371351	0.000906418581527421
1	3.5	15.2252252252252	0.0228310502283105	3.80865317371351	0.000906418581527421
1	3.5	15.2852852852853	0.0228310502283105	3.80865317371351	0.000906418581527421
1	3.5	15.3453453453453	0.0228310502283105	3.80865317371351	0.000906418581527421
1	3.5	15.4054054054054	0.0228310502283105	3.80865317371351	0.000906418581527421
1	3.5	15.4654654654655	0.0228310502283105	3.80865317371351	0.000906418581527421
1	3.5	15.5255255255255	0.0228310502283105	3.80865317371351	0.000906418581527421
1	3.5	15.5855855855856	0.0228310502283105	3.80865317371351	0.000906418581527421
1	3.5	15.6456456456456	0.0228310502283105	3.80865317371351	0.000906418581527421
1	3.5	15.7057057057057	0.0228310502283105	3.80865317371351	0.000906418581527421
1	3.5	15.7657657657658	0.0228310502283105	3.80865317371351	0.000906418581527421
1	3.5	15.8258258258258	0.0228310502283105	3.80865317371351	0.000906418581527421
1	3.5	15.8858858858859	0.0228310502283105	3.80865317371351	0.000906418581527421
1	3.5	15.9459459459459	0.0228310502283105	3.80865317371351	0.000906418581527421
1	3.5	16.006006006006	0.0228310502283105	3.80865317371351	0.000906418581527421
1	3.5	16.0660660660661	0.0228310502283105	3.80865317371351	0.000906418581527421
1	3.5	16.1261261261261	0.0228310502283105	3.80865317371351	0.000906418581527421
1	3.5	16.1861861861862	0.0228310502283105	3.80865317371351	0.000906418581527421
1	3.5	16.2462462462462	0.0228310502283105	3.80865317371351	0.000906418581527421
1	3.5	16.3063063063063	0.0228310502283105	3.80865317371351	0.000906418581527421
1	3.5	16.3663663663664	0.0228310502283105	3.80865317371351	0.000906418581527421
1	3.5	16.4264264264264	0.0228310502283105	3.80865317371351	0.000906418581527421
1	3.5	16.4864864864865	0.0228310502283105	3.80865317371351	0.000906418581527421
1	3.5	16.5465465465465	0.0228310502283105	3.80865317371351	0.000906418581527421
1	3.5	16.6066066066066	0.0228310502283105	3.80865317371351	0.000906418581527421
1	3.5	16.6666666666667	0.0228310502283105	3.80865317371351	0.000906418581527421
1	3.5	16.7267267267267	0.0228310502283105	3.80865317371351	0.000906418581527421
1	3.5	16.7867867867868	0.0228310502283105	3.80865317371351	0.000906418581527421
1	3.5	16.8468468468468	0.0228310502283105	3.80865317371351	0.000906418581527421
1	3.5	16.9069069069069	0.0228310502283105	3.80865317371351	0.000906418581527421
1	3.5	16.966966966967	0.0228310502283105	3.80865317371351	0.000906418581527421
1	3.5	17.027027027027	0.0228310502283105	3.80865317371351	0.000906418581527421
1	3.5	17.0870870870871	0.0228310502283105	3.80865317371351	0.000906418581527421
1	3.5	17.1471471471471	0.0228310502283105	3.80865317371351	0.000906418581527421
1	3.5	17.2072072072072	0.0228310502283105	3.80865317371351	0.000906418581527421
1	3.5	17.2672672672673	0.0228310502283105	3.80865317371351	0.000906418581527421
1	3.5	17.3273273273273	0.0228310502283105	3.80865317371351	0.000906418581527421
1	3.5	17.3873873873874	0.0228310502283105	3.80865317371351	0.000906418581527421
1	3.5	17.4474474474474	0.0228310502283105	3.80865317371351	0.000906418581527421
1	3.5	17.5075075075075	0.0228310502283105	3.80865317371351	0.000906418581527421
1	3.5	17.5675675675676	0.0228310502283105	3.80865317371351	0.000906418581527421
1	3.5	17.6276276276276	0.0228310502283105	3.80865317371351	0.000906418581527421
1	3.5	17.6876876876877	0.0228310502283105	3.80865317371351	0.000906418581527421
1	3.5	17.7477477477477	0.0228310502283105	3.80865317371351	0.000906418581527421
1	3.5	17.8078078078078	0.0228310502283105	3.80865317371351	0.000906418581527421
1	3.5	17.8678678678679	0.0228310502283105	3.80865317371351	0.000906418581527421
1	3.5	17.9279279279279	0.0228310502283105	3.80865317371351	0.000906418581527421
1	3.5	17.987987987988	0.0228310502283105	3.80865317371351	0.000906418581527421
1	3.5	18.048048048048	0.0228310502283105	3.80865317371351	0.000906418581527421
1	3.5	18.1081081081081	0.0228310502283105	3.80865317371351	0.000906418581527421
1	3.5	18.1681681681682	0.0217866268094579	3.80756205102701	0.000864330659082512
1	3.5	18.2282282282282	0.0205982237945709	3.80632146534234	0.000816514243184906
1	3.5	18.2882882882883	0.0205479452054795	3.80626900140378	0.000814492965148809
1	3.5	18.3483483483483	0.0205479452054795	3.80626900140378	0.000814492965148809
1	3.5	18.4084084084084	0.0205479452054795	3.80626900140378	0.000814492965148809
1	3.5	18.4684684684685	0.0205479452054795	3.80626900140378	0.000814492965148809
1	3.5	18.5285285285285	0.0205479452054795	3.80626900140378	0.000814492965148809
1	3.5	18.5885885885886	0.0205479452054795	3.80626900140378	0.000814492965148809
1	3.5	18.6486486486486	0.0205479452054795	3.80626900140378	0.000814492965148809
1	3.5	18.7087087087087	0.0205479452054795	3.80626900140378	0.000814492965148809
1	3.5	18.7687687687688	0.0205479452054795	3.80626900140378	0.000814492965148809
1	3.5	18.8288288288288	0.0205479452054795	3.80626900140378	0.000814492965148809
1	3.5	18.8888888888889	0.0205479452054795	3.80626900140378	0.000814492965148809
1	3.5	18.9489489489489	0.0205479452054795	3.80626900140378	0.000814492965148809
1	3.5	19.009009009009	0.0205479452054795	3.80626900140378	0.000814492965148809
1	3.5	19.0690690690691	0.0199423167459697	3.80563719205113	0.000790156737643059
1	3.5	19.1291291291291	0.0187539137310826	3.80439818019069	0.000742461525300482
1	3.5	19.1891891891892	0.0182648401826483	3.80388857325504	0.000722855742764094
1	3.5	19.2492492492492	0.0182648401826483	3.80388857325504	0.000722855742764094
1	3.5	19.3093093093093	0.0182648401826483	3.80388857325504	0.000722855742764094
1	3.5	19.3693693693694	0.0182648401826483	3.80388857325504	0.000722855742764094
1	3.5	19.4294294294294	0.0182648401826483	3.80388857325504	0.000722855742764094
1	3.5	19.4894894894895	0.0182648401826483	3.80388857325504	0.000722855742764094
1	3.5	19.5495495495495	0.0182648401826483	3.80388857325504	0.000722855742764094
1	3.5	19.6096096096096	0.0182648401826483	3.80388857325504	0.000722855742764094
1	3.5	19.6696696696697	0.0182648401826483	3.80388857325504	0.000722855742764094
1	3.5	19.7297297297297	0.0182648401826483	3.80388857325504	0.000722855742764094
1	3.5	19.7897897897898	0.0194326746838162	3.80510572251584	0.000769693279937523
1	3.5	19.8498498498498	0.0205479452054795	3.80626900140378	0.000814492965148809
1	3.5	19.9099099099099	0.0205479452054795	3.80626900140378	0.000814492965148809
1	3.5	19.96996996997	0.0205479452054795	3.80626900140378	0.000814492965148809
1	3.5	20.03003003003	0.0205479452054795	3.80626900140378	0.000814492965148809
1	3.5	20.0900900900901	0.0205479452054795	3.80626900140378	0.000814492965148809
1	3.5	20.1501501501502	0.0205479452054795	3.80626900140378	0.000814492965148809
1	3.5	20.2102102102102	0.0209021807195323	3.80663867237465	0.000828736766966626
1	3.5	20.2702702702703	0.0220905837344194	3.80787951777089	0.000876573196697224
1	3.5	20.3303303303303	0.0228310502283105	3.80865317371351	0.000906418581527421
1	3.5	20.3903903903904	0.0228310502283105	3.80865317371351	0.000906418581527421
1	3.5	20.4504504504505	0.0228310502283105	3.80865317371351	0.000906418581527421
1	3.5	20.5105105105105	0.0228310502283105	3.80865317371351	0.000906418581527421
1	3.5	20.5705705705706	0.0228310502283105	3.80865317371351	0.000906418581527421
1	3.5	20.6306306306306	0.0228310502283105	3.80865317371351	0.000906418581527421
1	3.5	20.6906906906907	0.0228310502283105	3.80865317371351	0.000906418581527421
1	3.5	20.7507507507508	0.0228310502283105	3.80865317371351	0.000906418581527421
1	3.5	20.8108108108108	0.0228310502283105	3.80865317371351	0.000906418581527421
1	3.5	20.8708708708709	0.0228310502283105	3.80865317371351	0.000906418581527421
1	3.5	20.9309309309309	0.0228310502283105	3.80865317371351	0.000906418581527421
1	3.5	20.990990990991	0.0228310502283105	3.80865317371351	0.000906418581527421
1	3.5	21.0510510510511	0.0228310502283105	3.80865317371351	0.000906418581527421
1	3.5	21.1111111111111	0.0228310502283105	3.80865317371351	0.000906418581527421
1	3.5	21.1711711711712	0.0228310502283105	3.80865317371351	0.000906418581527421
1	3.5	21.2312312312312	0.0228219086666574	3.80864361999868	0.000906049934368572
1	3.5	21.2912912912913	0.0216335056517705	3.8074021493459	0.000858165306288221
1	3.5	21.3513513513514	0.0204451026368835	3.80616169445767	0.000810358968412558
1	3.5	21.4114114114114	0.0192566996219964	3.80492225389325	0.000762630753955333
1	3.5	21.4714714714715	0.0182648401826483	3.80388857325504	0.000722855742764094
1	3.5	21.5315315315315	0.0182648401826483	3.80388857325504	0.000722855742764094
1	3.5	21.5915915915916	0.0182648401826483	3.80388857325504	0.000722855742764094
1	3.5	21.6516516516517	0.0182648401826483	3.80388857325504	0.000722855742764094
1	3.5	21.7117117117117	0.0182648401826483	3.80388857325504	0.000722855742764094
1	3.5	21.7717717717718	0.0182648401826483	3.80388857325504	0.000722855742764094
1	3.5	21.8318318318318	0.0182648401826483	3.80388857325504	0.000722855742764094
1	3.5	21.8918918918919	0.0182648401826483	3.80388857325504	0.000722855742764094
1	3.5	21.951951951952	0.0182648401826483	3.80388857325504	0.000722855742764094
1	3.5	22.012012012012	0.0182648401826483	3.80388857325504	0.000722855742764094
1	3.5	22.0720720720721	0.0182648401826483	3.80388857325504	0.000722855742764094
1	3.5	22.1321321321321	0.0182648401826483	3.80388857325504	0.000722855742764094
1	3.5	22.1921921921922	0.0182648401826483	3.80388857325504	0.000722855742764094
1	3.5	22.2522522522523	0.0182648401826483	3.80388857325504	0.000722855742764094
1	3.5	22.3123123123123	0.0182648401826483	3.80388857325504	0.000722855742764094
1	3.5	22.3723723723724	0.0182648401826483	3.80388857325504	0.000722855742764094
1	3.5	22.4324324324324	0.0182648401826483	3.80388857325504	0.000722855742764094
1	3.5	22.4924924924925	0.0182648401826483	3.80388857325504	0.000722855742764094
1	3.5	22.5525525525526	0.0182648401826483	3.80388857325504	0.000722855742764094
1	3.5	22.6126126126126	0.0182648401826483	3.80388857325504	0.000722855742764094
1	3.5	22.6726726726727	0.0182648401826483	3.80388857325504	0.000722855742764094
1	3.5	22.7327327327327	0.0182648401826483	3.80388857325504	0.000722855742764094
1	3.5	22.7927927927928	0.0182648401826483	3.80388857325504	0.000722855742764094
1	3.5	22.8528528528529	0.0182648401826483	3.80388857325504	0.000722855742764094
1	3.5	22.9129129129129	0.0182648401826483	3.80388857325504	0.000722855742764094
1	3.5	22.972972972973	0.0182648401826483	3.80388857325504	0.000722855742764094
1	3.5	23.033033033033	0.0182648401826483	3.80388857325504	0.000722855742764094
1	3.5	23.0930930930931	0.0182648401826483	3.80388857325504	0.000722855742764094
1	3.5	23.1531531531532	0.0182648401826483	3.80388857325504	0.000722855742764094
1	3.5	23.2132132132132	0.0182648401826483	3.80388857325504	0.000722855742764094
1	3.5	23.2732732732733	0.0182648401826483	3.80388857325504	0.000722855742764094
1	3.5	23.3333333333333	0.0182648401826483	3.80388857325504	0.000722855742764094
1	3.5	23.3933933933934	0.0182648401826483	3.80388857325504	0.000722855742764094
1	3.5	23.4534534534535	0.0182648401826483	3.80388857325504	0.000722855742764094
1	3.5	23.5135135135135	0.0182648401826483	3.80388857325504	0.000722855742764094
1	3.5	23.5735735735736	0.0182648401826483	3.80388857325504	0.000722855742764094
1	3.5	23.6336336336336	0.0182648401826483	3.80388857325504	0.000722855742764094
1	3.5	23.6936936936937	0.0182648401826483	3.80388857325504	0.000722855742764094
1	3.5	23.7537537537538	0.0182648401826483	3.80388857325504	0.000722855742764094
1	3.5	23.8138138138138	0.0182648401826483	3.80388857325504	0.000722855742764094
1	3.5	23.8738738738739	0.0182648401826483	3.80388857325504	0.000722855742764094
1	3.5	23.9339339339339	0.0182648401826483	3.80388857325504	0.000722855742764094
1	3.5	23.993993993994	0.0182648401826483	3.80388857325504	0.000722855742764094
1	3.5	24.0540540540541	0.0182648401826483	3.80388857325504	0.000722855742764094
1	3.5	24.1141141141141	0.0182648401826483	3.80388857325504	0.000722855742764094
1	3.5	24.1741741741742	0.0182648401826483	3.80388857325504	0.000722855742764094
1	3.5	24.2342342342342	0.0182648401826483	3.80388857325504	0.000722855742764094
1	3.5	24.2942942942943	0.0182648401826483	3.80388857325504	0.000722855742764094
1	3.5	24.3543543543544	0.0182648401826483	3.80388857325504	0.000722855742764094
1	3.5	24.4144144144144	0.0182648401826483	3.80388857325504	0.000722855742764094
1	3.5	24.4744744744745	0.0182648401826483	3.80388857325504	0.000722855742764094
1	3.5	24.5345345345345	0.0182648401826483	3.80388857325504	0.000722855742764094
1	3.5	24.5945945945946	0.0182648401826483	3.80388857325504	0.000722855742764094
1	3.5	24.6546546546547	0.0182648401826483	3.80388857325504	0.000722855742764094
1	3.5	24.7147147147147	0.0182648401826483	3.80388857325504	0.000722855742764094
1	3.5	24.7747747747748	0.0182648401826483	3.80388857325504	0.000722855742764094
1	3.5	24.8348348348348	0.0182648401826483	3.80388857325504	0.000722855742764094
1	3.5	24.8948948948949	0.0182648401826483	3.80388857325504	0.000722855742764094
1	3.5	24.954954954955	0.0182648401826483	3.80388857325504	0.000722855742764094
1	3.5	25.015015015015	0.0182648401826483	3.80388857325504	0.000722855742764094
1	3.5	25.0750750750751	0.0182648401826483	3.80388857325504	0.000722855742764094
1	3.5	25.1351351351351	0.0182648401826483	3.80388857325504	0.000722855742764094
1	3.5	25.1951951951952	0.0182648401826483	3.80388857325504	0.000722855742764094
1	3.5	25.2552552552553	0.0182648401826483	3.80388857325504	0.000722855742764094
1	3.5	25.3153153153153	0.0182648401826483	3.80388857325504	0.000722855742764094
1	3.5	25.3753753753754	0.0182648401826483	3.80388857325504	0.000722855742764094
1	3.5	25.4354354354354	0.0182648401826483	3.80388857325504	0.000722855742764094
1	3.5	25.4954954954955	0.0182648401826483	3.80388857325504	0.000722855742764094
1	3.5	25.5555555555556	0.0182648401826483	3.80388857325504	0.000722855742764094
1	3.5	25.6156156156156	0.0182648401826483	3.80388857325504	0.000722855742764094
1	3.5	25.6756756756757	0.0182648401826483	3.80388857325504	0.000722855742764094
1	3.5	25.7357357357357	0.0182648401826483	3.80388857325504	0.000722855742764094
1	3.5	25.7957957957958	0.0182648401826483	3.80388857325504	0.000722855742764094
1	3.5	25.8558558558559	0.0181688537852921	3.80378857705775	0.000719009426426843
1	3.5	25.9159159159159	0.0175746522778486	3.80316969982262	0.000695210190069159
1	3.5	25.975975975976	0.0169804507704051	3.80255107530135	0.000671430384301997
1	3.5	26.036036036036	0.0163862492629616	3.801932703315	0.000647669988451728
1	3.5	26.0960960960961	NaN	NaN	NaN
1	3.5	26.1561561561562	NaN	NaN	NaN
1	3.5	26.2162162162162	NaN	NaN	NaN
1	3.5	26.2762762762763	NaN	NaN	NaN
1	3.5	26.3363363363363	NaN	NaN	NaN
1	3.5	26.3963963963964	NaN	NaN	NaN
1	3.5	26.4564564564565	NaN	NaN	NaN
1	3.5	26.5165165165165	NaN	NaN	NaN
1	3.5	26.5765765765766	NaN	NaN	NaN
1	3.5	26.6366366366366	NaN	NaN	NaN
1	3.5	26.6966966966967	NaN	NaN	NaN
1	3.5	26.7567567567568	NaN	NaN	NaN
1	3.5	26.8168168168168	NaN	NaN	NaN
1	3.5	26.8768768768769	NaN	NaN	NaN
1	3.5	26.9369369369369	NaN	NaN	NaN
1	3.5	26.996996996997	NaN	NaN	NaN
1	3.5	27.0570570570571	NaN	NaN	NaN
1	3.5	27.1171171171171	NaN	NaN	NaN
1	3.5	27.1771771771772	NaN	NaN	NaN
1	3.5	27.2372372372372	NaN	NaN	NaN
1	3.5	27.2972972972973	NaN	NaN	NaN
1	3.5	27.3573573573574	NaN	NaN	NaN
1	3.5	27.4174174174174	NaN	NaN	NaN
1	3.5	27.4774774774775	NaN	NaN	NaN
1	3.5	27.5375375375375	NaN	NaN	NaN
1	3.5	27.5975975975976	NaN	NaN	NaN
1	3.5	27.6576576576577	NaN	NaN	NaN
1	3.5	27.7177177177177	NaN	NaN	NaN
1	3.5	27.7777777777778	NaN	NaN	NaN
1	3.5	27.8378378378378	NaN	NaN	NaN
1	3.5	27.8978978978979	NaN	NaN	NaN
1	3.5	27.957957957958	NaN	NaN	NaN
1	3.5	28.018018018018	NaN	NaN	NaN
1	3.5	28.0780780780781	NaN	NaN	NaN
1	3.5	28.1381381381381	NaN	NaN	NaN
1	3.5	28.1981981981982	NaN	NaN	NaN
1	3.5	28.2582582582583	NaN	NaN	NaN
1	3.5	28.3183183183183	NaN	NaN	NaN
1	3.5	28.3783783783784	NaN	NaN	NaN
1	3.5	28.4384384384384	NaN	NaN	NaN
1	3.5	28.4984984984985	NaN	NaN	NaN
1	3.5	28.5585585585586	NaN	NaN	NaN
1	3.5	28.6186186186186	NaN	NaN	NaN
1	3.5	28.6786786786787	NaN	NaN	NaN
1	3.5	28.7387387387387	NaN	NaN	NaN
1	3.5	28.7987987987988	NaN	NaN	NaN
1	3.5	28.8588588588589	NaN	NaN	NaN
1	3.5	28.9189189189189	NaN	NaN	NaN
1	3.5	28.978978978979	NaN	NaN	NaN
1	3.5	29.039039039039	NaN	NaN	NaN
1	3.5	29.0990990990991	NaN	NaN	NaN
1	3.5	29.1591591591592	NaN	NaN	NaN
1	3.5	29.2192192192192	NaN	NaN	NaN
1	3.5	29.2792792792793	NaN	NaN	NaN
1	3.5	29.3393393393393	NaN	NaN	NaN
1	3.5	29.3993993993994	NaN	NaN	NaN
1	3.5	29.4594594594595	NaN	NaN	NaN
1	3.5	29.5195195195195	NaN	NaN	NaN
1	3.5	29.5795795795796	NaN	NaN	NaN
1	3.5	29.6396396396396	NaN	NaN	NaN
1	3.5	29.6996996996997	NaN	NaN	NaN
1	3.5	29.7597597597598	NaN	NaN	NaN
1	3.5	29.8198198198198	NaN	NaN	NaN
1	3.5	29.8798798798799	NaN	NaN	NaN
1	3.5	29.9399399399399	NaN	NaN	NaN
1	3.5	30	NaN	NaN	NaN
2	3.5	-30	NaN	NaN	NaN
2	3.5	-29.9399399399399	NaN	NaN	NaN
2	3.5	-29.8798798798799	NaN	NaN	NaN
2	3.5	-29.8198198198198	NaN	NaN	NaN
2	3.5	-29.7597597597598	NaN	NaN	NaN
2	3.5	-29.6996996996997	NaN	NaN	NaN
2	3.5	-29.6396396396396	NaN	NaN	NaN
2	3.5	-29.5795795795796	NaN	NaN	NaN
2	3.5	-29.5195195195195	NaN	NaN	NaN
2	3.5	-29.4594594594595	NaN	NaN	NaN
2	3.5	-29.3993993993994	NaN	NaN	NaN
2	3.5	-29.3393393393393	NaN	NaN	NaN
2	3.5	-29.2792792792793	0.0139797331578153	3.79943087557099	0.000551638450565541
2	3.5	-29.2192192192192	0.0145739346652588	3.80004822661746	0.000575320447101267
2	3.5	-29.1591591591592	0.0151681361727024	3.80066582947584	0.000599021770105656
2	3.5	-29.0990990990991	0.0157623376801459	3.80128368432439	0.00062274244014155
2	3.5	-29.039039039039	0.0159817351598174	3.80151187907934	0.000631505736058395
2	3.5	-28.978978978979	0.0159817351598174	3.80151187907934	0.000631505736058395
2	3.5	-28.9189189189189	0.0159817351598174	3.80151187907934	0.000631505736058395
2	3.5	-28.8588588588589	0.0159817351598174	3.80151187907934	0.000631505736058395
2	3.5	-28.7987987987988	0.0159817351598174	3.80151187907934	0.000631505736058395
2	3.5	-28.7387387387387	0.0159817351598174	3.80151187907934	0.000631505736058395
2	3.5	-28.6786786786787	0.0159817351598174	3.80151187907934	0.000631505736058395
2	3.5	-28.6186186186186	0.0159817351598174	3.80151187907934	0.000631505736058395
2	3.5	-28.5585585585586	0.0159817351598174	3.80151187907934	0.000631505736058395
2	3.5	-28.4984984984985	0.0159817351598174	3.80151187907934	0.000631505736058395
2	3.5	-28.4384384384384	0.0159817351598174	3.80151187907934	0.000631505736058395
2	3.5	-28.3783783783784	0.0159817351598174	3.80151187907934	0.000631505736058395
2	3.5	-28.3183183183183	0.0159817351598174	3.80151187907934	0.000631505736058395
2	3.5	-28.2582582582583	0.0157646230705591	3.80128606117588	0.000622833710863312
2	3.5	-28.1981981981982	0.0145762200556721	3.80005060153056	0.000575411568999389
2	3.5	-28.1381381381381	0.0136986301369862	3.79913890872749	0.000540441772714611
2	3.5	-28.0780780780781	0.0136986301369862	3.79913890872749	0.000540441772714611
2	3.5	-28.018018018018	0.0136986301369862	3.79913890872749	0.000540441772714611
2	3.5	-27.957957957958	0.0136986301369862	3.79913890872749	0.000540441772714611
2	3.5	-27.8978978978979	0.0136986301369862	3.79913890872749	0.000540441772714611
2	3.5	-27.8378378378378	0.0136986301369862	3.79913890872749	0.000540441772714611
2	3.5	-27.7777777777778	0.0136986301369862	3.79913890872749	0.000540441772714611
2	3.5	-27.7177177177177	0.0136986301369862	3.79913890872749	0.000540441772714611
2	3.5	-27.6576576576577	0.0136986301369862	3.79913890872749	0.000540441772714611
2	3.5	-27.5975975975976	0.0136986301369862	3.79913890872749	0.000540441772714611
2	3.5	-27.5375375375375	0.0136986301369862	3.79913890872749	0.000540441772714611
2	3.5	-27.4774774774775	0.0136986301369862	3.79913890872749	0.000540441772714611
2	3.5	-27.4174174174174	0.0136986301369862	3.79913890872749	0.000540441772714611
2	3.5	-27.3573573573574	0.0136986301369862	3.79913890872749	0.000540441772714611
2	3.5	-27.2972972972973	0.0136986301369862	3.79913890872749	0.000540441772714611
2	3.5	-27.2372372372372	0.0136986301369862	3.79913890872749	0.000540441772714611
2	3.5	-27.1771771771772	0.0136986301369862	3.79913890872749	0.000540441772714611
2	3.5	-27.1171171171171	0.0136986301369862	3.79913890872749	0.000540441772714611
2	3.5	-27.0570570570571	0.0136986301369862	3.79913890872749	0.000540441772714611
2	3.5	-26.996996996997	0.0136986301369862	3.79913890872749	0.000540441772714611
2	3.5	-26.9369369369369	0.0136986301369862	3.79913890872749	0.000540441772714611
2	3.5	-26.8768768768769	0.0136986301369862	3.79913890872749	0.000540441772714611
2	3.5	-26.8168168168168	0.0136986301369862	3.79913890872749	0.000540441772714611
2	3.5	-26.7567567567568	0.0136986301369862	3.79913890872749	0.000540441772714611
2	3.5	-26.6966966966967	0.0136986301369862	3.79913890872749	0.000540441772714611
2	3.5	-26.6366366366366	0.0136986301369862	3.79913890872749	0.000540441772714611
2	3.5	-26.5765765765766	0.0136986301369862	3.79913890872749	0.000540441772714611
2	3.5	-26.5165165165165	0.0136986301369862	3.79913890872749	0.000540441772714611
2	3.5	-26.4564564564565	0.0136986301369862	3.79913890872749	0.000540441772714611
2	3.5	-26.3963963963964	0.0136986301369862	3.79913890872749	0.000540441772714611
2	3.5	-26.3363363363363	0.0136986301369862	3.79913890872749	0.000540441772714611
2	3.5	-26.2762762762763	0.0136986301369862	3.79913890872749	0.000540441772714611
2	3.5	-26.2162162162162	0.0136986301369862	3.79913890872749	0.000540441772714611
2	3.5	-26.1561561561562	0.0136986301369862	3.79913890872749	0.000540441772714611
2	3.5	-26.0960960960961	0.0136986301369862	3.79913890872749	0.000540441772714611
2	3.5	-26.036036036036	0.0136986301369862	3.79913890872749	0.000540441772714611
2	3.5	-25.975975975976	0.0136986301369862	3.79913890872749	0.000540441772714611
2	3.5	-25.9159159159159	0.0136986301369862	3.79913890872749	0.000540441772714611
2	3.5	-25.8558558558559	0.0136986301369862	3.79913890872749	0.000540441772714611
2	3.5	-25.7957957957958	0.0136986301369862	3.79913890872749	0.000540441772714611
2	3.5	-25.7357357357357	0.0136986301369862	3.79913890872749	0.000540441772714611
2	3.5	-25.6756756756757	0.0136986301369862	3.79913890872749	0.000540441772714611
2	3.5	-25.6156156156156	0.0136986301369862	3.79913890872749	0.000540441772714611
2	3.5	-25.5555555555556	0.0136986301369862	3.79913890872749	0.000540441772714611
2	3.5	-25.4954954954955	0.0136986301369862	3.79913890872749	0.000540441772714611
2	3.5	-25.4354354354354	0.0136986301369862	3.79913890872749	0.000540441772714611
2	3.5	-25.3753753753754	0.0136986301369862	3.79913890872749	0.000540441772714611
2	3.5	-25.3153153153153	0.0136986301369862	3.79913890872749	0.000540441772714611
2	3.5	-25.2552552552553	0.0136986301369862	3.79913890872749	0.000540441772714611
2	3.5	-25.1951951951952	0.0136986301369862	3.79913890872749	0.000540441772714611
2	3.5	-25.1351351351351	0.0136986301369862	3.79913890872749	0.000540441772714611
2	3.5	-25.0750750750751	0.0136986301369862	3.79913890872749	0.000540441772714611
2	3.5	-25.015015015015	0.0136986301369862	3.79913890872749	0.000540441772714611
2	3.5	-24.954954954955	0.0136986301369862	3.79913890872749	0.000540441772714611
2	3.5	-24.8948948948949	0.0136986301369862	3.79913890872749	0.000540441772714611
2	3.5	-24.8348348348348	0.0136986301369862	3.79913890872749	0.000540441772714611
2	3.5	-24.7747747747748	0.0136986301369862	3.79913890872749	0.000540441772714611
2	3.5	-24.7147147147147	0.0136986301369862	3.79913890872749	0.000540441772714611
2	3.5	-24.6546546546547	0.0136986301369862	3.79913890872749	0.000540441772714611
2	3.5	-24.5945945945946	0.0136986301369862	3.79913890872749	0.000540441772714611
2	3.5	-24.5345345345345	0.0136986301369862	3.79913890872749	0.000540441772714611
2	3.5	-24.4744744744745	0.0136986301369862	3.79913890872749	0.000540441772714611
2	3.5	-24.4144144144144	0.0136986301369862	3.79913890872749	0.000540441772714611
2	3.5	-24.3543543543544	0.0136986301369862	3.79913890872749	0.000540441772714611
2	3.5	-24.2942942942943	0.0136986301369862	3.79913890872749	0.000540441772714611
2	3.5	-24.2342342342342	0.0136986301369862	3.79913890872749	0.000540441772714611
2	3.5	-24.1741741741742	0.0136986301369862	3.79913890872749	0.000540441772714611
2	3.5	-24.1141141141141	0.0136986301369862	3.79913890872749	0.000540441772714611
2	3.5	-24.0540540540541	0.0136986301369862	3.79913890872749	0.000540441772714611
2	3.5	-23.993993993994	0.0136986301369862	3.79913890872749	0.000540441772714611
2	3.5	-23.9339339339339	0.0136986301369862	3.79913890872749	0.000540441772714611
2	3.5	-23.8738738738739	0.0136986301369862	3.79913890872749	0.000540441772714611
2	3.5	-23.8138138138138	0.0136986301369862	3.79913890872749	0.000540441772714611
2	3.5	-23.7537537537538	0.0136986301369862	3.79913890872749	0.000540441772714611
2	3.5	-23.6936936936937	0.0136986301369862	3.79913890872749	0.000540441772714611
2	3.5	-23.6336336336336	0.0136986301369862	3.79913890872749	0.000540441772714611
2	3.5	-23.5735735735736	0.0136986301369862	3.79913890872749	0.000540441772714611
2	3.5	-23.5135135135135	0.0136986301369862	3.79913890872749	0.000540441772714611
2	3.5	-23.4534534534535	0.0136986301369862	3.79913890872749	0.000540441772714611
2	3.5	-23.3933933933934	0.0136986301369862	3.79913890872749	0.000540441772714611
2	3.5	-23.3333333333333	0.0136986301369862	3.79913890872749	0.000540441772714611
2	3.5	-23.2732732732733	0.0136986301369862	3.79913890872749	0.000540441772714611
2	3.5	-23.2132132132132	0.0136986301369862	3.79913890872749	0.000540441772714611
2	3.5	-23.1531531531532	0.0136986301369862	3.79913890872749	0.000540441772714611
2	3.5	-23.0930930930931	0.0136986301369862	3.79913890872749	0.000540441772714611
2	3.5	-23.033033033033	0.0136986301369862	3.79913890872749	0.000540441772714611
2	3.5	-22.972972972973	0.0136986301369862	3.79913890872749	0.000540441772714611
2	3.5	-22.9129129129129	0.0136986301369862	3.79913890872749	0.000540441772714611
2	3.5	-22.8528528528529	0.0136986301369862	3.79913890872749	0.000540441772714611
2	3.5	-22.7927927927928	0.0136986301369862	3.79913890872749	0.000540441772714611
2	3.5	-22.7327327327327	0.0136986301369862	3.79913890872749	0.000540441772714611
2	3.5	-22.6726726726727	0.0136986301369862	3.79913890872749	0.000540441772714611
2	3.5	-22.6126126126126	0.0136986301369862	3.79913890872749	0.000540441772714611
2	3.5	-22.5525525525526	0.0136986301369862	3.79913890872749	0.000540441772714611
2	3.5	-22.4924924924925	0.0136986301369862	3.79913890872749	0.000540441772714611
2	3.5	-22.4324324324324	0.0136986301369862	3.79913890872749	0.000540441772714611
2	3.5	-22.3723723723724	0.0136986301369862	3.79913890872749	0.000540441772714611
2	3.5	-22.3123123123123	0.0136986301369862	3.79913890872749	0.000540441772714611
2	3.5	-22.2522522522523	0.0136986301369862	3.79913890872749	0.000540441772714611
2	3.5	-22.1921921921922	0.0136986301369862	3.79913890872749	0.000540441772714611
2	3.5	-22.1321321321321	0.0136986301369862	3.79913890872749	0.000540441772714611
2	3.5	-22.0720720720721	0.0136986301369862	3.79913890872749	0.000540441772714611
2	3.5	-22.012012012012	0.0136986301369862	3.79913890872749	0.000540441772714611
2	3.5	-21.951951951952	0.0136986301369862	3.79913890872749	0.000540441772714611
2	3.5	-21.8918918918919	0.0136986301369862	3.79913890872749	0.000540441772714611
2	3.5	-21.8318318318318	0.0136986301369862	3.79913890872749	0.000540441772714611
2	3.5	-21.7717717717718	0.0136986301369862	3.79913890872749	0.000540441772714611
2	3.5	-21.7117117117117	0.0136986301369862	3.79913890872749	0.000540441772714611
2	3.5	-21.6516516516517	0.0136986301369862	3.79913890872749	0.000540441772714611
2	3.5	-21.5915915915916	0.0136986301369862	3.79913890872749	0.000540441772714611
2	3.5	-21.5315315315315	0.0136986301369862	3.79913890872749	0.000540441772714611
2	3.5	-21.4714714714715	0.0136986301369862	3.79913890872749	0.000540441772714611
2	3.5	-21.4114114114114	0.0146904895763343	3.80016935193539	0.000579968028446743
2	3.5	-21.3513513513514	0.0158788925912214	3.80140490850686	0.000627397612268979
2	3.5	-21.2912912912913	0.0159817351598174	3.80151187907934	0.000631505736058395
2	3.5	-21.2312312312312	0.0159817351598174	3.80151187907934	0.000631505736058395
2	3.5	-21.1711711711712	0.0159817351598174	3.80151187907934	0.000631505736058395
2	3.5	-21.1111111111111	0.0159817351598174	3.80151187907934	0.000631505736058395
2	3.5	-21.0510510510511	0.0159817351598174	3.80151187907934	0.000631505736058395
2	3.5	-20.990990990991	0.0159817351598174	3.80151187907934	0.000631505736058395
2	3.5	-20.9309309309309	0.0159817351598174	3.80151187907934	0.000631505736058395
2	3.5	-20.8708708708709	0.0159817351598174	3.80151187907934	0.000631505736058395
2	3.5	-20.8108108108108	0.0159817351598174	3.80151187907934	0.000631505736058395
2	3.5	-20.7507507507508	0.0159817351598174	3.80151187907934	0.000631505736058395
2	3.5	-20.6906906906907	0.0159817351598174	3.80151187907934	0.000631505736058395
2	3.5	-20.6306306306306	0.0159817351598174	3.80151187907934	0.000631505736058395
2	3.5	-20.5705705705706	0.0159817351598174	3.80151187907934	0.000631505736058395
2	3.5	-20.5105105105105	0.0165347996398225	3.80208727264622	0.000653608268864146
2	3.5	-20.4504504504505	0.0177232026547095	3.80332439543248	0.000701158176732553
2	3.5	-20.3903903903904	0.0182648401826483	3.80388857325504	0.000722855742764094
2	3.5	-20.3303303303303	0.0182648401826483	3.80388857325504	0.000722855742764094
2	3.5	-20.2702702702703	0.0190053066765395	3.8046601943862	0.000752544396182837
2	3.5	-20.2102102102102	0.0201937096914266	3.80589942056647	0.000800256105863025
2	3.5	-20.1501501501502	0.0205479452054795	3.80626900140378	0.000814492965148809
2	3.5	-20.0900900900901	0.0205479452054795	3.80626900140378	0.000814492965148809
2	3.5	-20.03003003003	0.0224036822210338	3.80820660190192	0.000889189290300416
2	3.5	-19.96996996997	0.0247804882508077	3.81069187948142	0.000985138767222454
2	3.5	-19.9099099099099	0.0251141552511414	3.81104110041121	0.000998633776249721
2	3.5	-19.8498498498498	0.0251141552511414	3.81104110041121	0.000998633776249721
2	3.5	-19.7897897897898	0.0262294257728047	3.81220894313438	0.00104378547367359
2	3.5	-19.7297297297297	0.0274795343288493	3.8135190492452	0.00109447873098421
2	3.5	-19.6696696696697	0.0322331463883974	3.81851115522281	0.00128804392609507
2	3.5	-19.6096096096096	0.0367582194066213	3.82327854665269	0.00147348911079868
2	3.5	-19.5495495495495	0.0391350254363953	3.8257886330868	0.00157136130145838
2	3.5	-19.4894894894895	0.0415118314661693	3.82830286879766	0.00166955668727694
2	3.5	-19.4294294294294	0.0438886374959436	3.83082126569105	0.00176807666166617
2	3.5	-19.3693693693694	0.0462654435257176	3.83334383572066	0.00186692262554107
2	3.5	-19.3093093093093	0.0486422495554916	3.83587059088833	0.00196609598736872
2	3.5	-19.2492492492492	0.0510190555852656	3.83840154324434	0.00206559816321742
2	3.5	-19.1891891891892	0.0533958616150396	3.84093670488763	0.0021654305768063
2	3.5	-19.1291291291291	0.0547945205479451	3.84243052221772	0.00222433303402821
2	3.5	-19.0690690690691	0.0547945205479451	3.84243052221772	0.00222433303402821
2	3.5	-19.009009009009	0.0571256187694546	3.84492347302026	0.00232275982005882
2	3.5	-18.9489489489489	0.0618792308290026	3.85001979007351	0.00252447010722099
2	3.5	-18.8888888888889	0.0646034162015897	3.85294805554598	0.00264067219121063
2	3.5	-18.8288288288288	0.0657918192164767	3.85422724682364	0.00269150356069547
2	3.5	-18.7687687687688	0.067750398800627	3.85633779109701	0.00277546273154457
2	3.5	-18.7087087087087	0.0701272048304013	3.8589029302552	0.00287766077760576
2	3.5	-18.6486486486486	0.0716401332839689	3.86053798324688	0.00294289178772037
2	3.5	-18.5885885885886	0.0728285362988559	3.86182354115989	0.0029942280631905
2	3.5	-18.5285285285285	0.0759320964800417	3.86518592527577	0.00312870036657386
2	3.5	-18.4684684684685	0.0794973055247027	3.86905759045197	0.00328390271156612
2	3.5	-18.4084084084084	0.0820112349792713	3.87179350315593	0.00339381055126803
2	3.5	-18.3483483483483	0.0843880410090456	3.87438468173315	0.00349808299607871
2	3.5	-18.2882882882883	0.0856198664417841	3.8757293340441	0.00355226221912029
2	3.5	-18.2282282282282	0.0869591052239456	3.87719257631442	0.0036112730293661
2	3.5	-18.1681681681682	0.0917127172834936	3.88239762812342	0.00382163732267783
2	3.5	-18.1081081081081	0.0960343905549384	3.88714507616629	0.00401412173455565
2	3.5	-18.048048048048	0.0972227935698254	3.88845313617917	0.00406725990011847
2	3.5	-17.987987987988	0.0981735159817352	3.88950038592406	0.00410983513428719
2	3.5	-17.9279279279279	0.0981735159817352	3.88950038592406	0.00410983513428719
2	3.5	-17.8678678678679	0.0985048975916555	3.88986558054081	0.00412468859726303
2	3.5	-17.8078078078078	0.0996933006065425	3.89117595746012	0.00417801382553165
2	3.5	-17.7477477477477	0.100456621004566	3.89201821169973	0.0042123126394455
2	3.5	-17.6876876876877	0.100456621004566	3.89201821169973	0.0042123126394455
2	3.5	-17.6276276276276	0.100456621004566	3.89201821169973	0.0042123126394455
2	3.5	-17.5675675675676	0.100456621004566	3.89201821169973	0.0042123126394455
2	3.5	-17.5075075075075	0.101681590266065	3.89337081753679	0.00426743303573459
2	3.5	-17.4474474474474	0.104058396295839	3.89599867212617	0.00437465791838499
2	3.5	-17.3873873873874	0.105022831050228	3.89706625520987	0.00441827023244154
2	3.5	-17.3273273273273	0.105022831050228	3.89706625520987	0.00441827023244154
2	3.5	-17.2672672672673	0.105822717694864	3.89795225319779	0.00445448713997268
2	3.5	-17.2072072072072	0.107011120709751	3.89926953481724	0.00450837153379821
2	3.5	-17.1471471471471	0.108199523724638	3.90058794369442	0.00456234745723056
2	3.5	-17.0870870870871	0.109387926739525	3.90190748149979	0.00461641511352146
2	3.5	-17.027027027027	0.10958904109589	3.90213089970772	0.00462557411474038
2	3.5	-16.966966966967	0.10958904109589	3.90213089970772	0.00462557411474038
2	3.5	-16.9069069069069	0.11175102042682	3.90453469258457	0.00472419993273866
2	3.5	-16.8468468468468	0.114127826456594	3.90718167131741	0.00483297850854245
2	3.5	-16.7867867867868	0.114155251141553	3.90721223990227	0.00483423580798794
2	3.5	-16.7267267267267	0.11431522847048	3.90739056871968	0.00484157103938005
2	3.5	-16.6666666666667	0.116692034500254	3.91004245597581	0.00495074996061543
2	3.5	-16.6066066066066	0.119068840530028	3.91269890710408	0.00506030168987092
2	3.5	-16.5465465465465	0.121445646559802	3.91535993571074	0.00517022789269212
2	3.5	-16.4864864864865	0.123555061911226	3.9177254436084	0.0052681023985654
2	3.5	-16.4264264264264	0.124743464926113	3.91905972027277	0.0053233738843303
2	3.5	-16.3663663663664	0.125931867941001	3.92039514948472	0.00537873999190034
2	3.5	-16.3063063063063	0.127120270955888	3.92173173296748	0.00543420093314473
2	3.5	-16.2462462462462	0.128308673970775	3.92306947244786	0.00548975692052584
2	3.5	-16.1861861861862	0.129497076985662	3.92440836965633	0.00554540816710118
2	3.5	-16.1261261261261	0.13013698630137	3.92512979444699	0.00557541375427748
2	3.5	-16.0660660660661	0.13013698630137	3.92512979444699	0.00557541375427748
2	3.5	-16.006006006006	0.13013698630137	3.92512979444699	0.00557541375427748
2	3.5	-15.9459459459459	0.13013698630137	3.92512979444699	0.00557541375427748
2	3.5	-15.8858858858859	0.13013698630137	3.92512979444699	0.00557541375427748
2	3.5	-15.8258258258258	0.13013698630137	3.92512979444699	0.00557541375427748
2	3.5	-15.7657657657658	0.13013698630137	3.92512979444699	0.00557541375427748
2	3.5	-15.7057057057057	0.13013698630137	3.92512979444699	0.00557541375427748
2	3.5	-15.6456456456456	0.13013698630137	3.92512979444699	0.00557541375427748
2	3.5	-15.5855855855856	0.13013698630137	3.92512979444699	0.00557541375427748
2	3.5	-15.5255255255255	0.13013698630137	3.92512979444699	0.00557541375427748
2	3.5	-15.4654654654655	0.13013698630137	3.92512979444699	0.00557541375427748
2	3.5	-15.4054054054054	0.131247686042207	3.9263827807147	0.00562756070103904
2	3.5	-15.3453453453453	0.132420091324201	3.92770647854592	0.00568269547767693
2	3.5	-15.2852852852853	0.132420091324201	3.92770647854592	0.00568269547767693
2	3.5	-15.2252252252252	0.132420091324201	3.92770647854592	0.00568269547767693
2	3.5	-15.1651651651652	0.132420091324201	3.92770647854592	0.00568269547767693
2	3.5	-15.1051051051051	0.13262349107098	3.92793624117499	0.00569227027548598
2	3.5	-15.045045045045	0.133811894085867	3.92927935643162	0.00574826918675146
2	3.5	-14.984984984985	0.135000297100754	3.93062363747714	0.00580436435164898
2	3.5	-14.9249249249249	0.136188700115641	3.9319690860626	0.00586055598662514
2	3.5	-14.8648648648649	0.136986301369863	3.93287274468873	0.00589832342740214
2	3.5	-14.8048048048048	0.136986301369863	3.93287274468873	0.00589832342740214
2	3.5	-14.7447447447447	0.136986301369863	3.93287274468873	0.00589832342740214
2	3.5	-14.6846846846847	0.136986301369863	3.93287274468873	0.00589832342740214
2	3.5	-14.6246246246246	0.136986301369863	3.93287274468873	0.00589832342740214
2	3.5	-14.5645645645646	0.136986301369863	3.93287274468873	0.00589832342740214
2	3.5	-14.5045045045045	0.138330110932851	3.93439643390053	0.00596205321668963
2	3.5	-14.4444444444444	0.140706916962625	3.93709506673259	0.00607507670482056
2	3.5	-14.3843843843844	0.142318117203962	3.93892710274138	0.00615191531774242
2	3.5	-14.3243243243243	0.143506520218849	3.94027977948827	0.00620870579234134
2	3.5	-14.2642642642643	0.145554230029116	3.94261331533	0.00630679027260704
2	3.5	-14.2042042042042	0.14793103605889	3.9453262896775	0.00642100482931114
2	3.5	-14.1441441441441	0.149354834286341	3.94695373843964	0.00648961303004711
2	3.5	-14.0840840840841	0.150543237301228	3.94831342924842	0.00654698723685979
2	3.5	-14.024024024024	0.150684931506849	3.94847562564732	0.00655383463275137
2	3.5	-13.963963963964	0.150684931506849	3.94847562564732	0.00655383463275137
2	3.5	-13.9039039039039	0.151825341323058	3.94978166182005	0.00660899660341246
2	3.5	-13.8438438438438	0.15305945214621	3.9511962450414	0.00666879425861364
2	3.5	-13.7837837837838	0.155436258175984	3.95392425907799	0.00678426367962361
2	3.5	-13.7237237237237	0.157534246575343	3.95633623816246	0.00688652091921626
2	3.5	-13.6636636636637	0.157534246575343	3.95633623816246	0.00688652091921626
2	3.5	-13.6036036036036	0.157534246575343	3.95633623816246	0.00688652091921626
2	3.5	-13.5435435435435	0.157534246575343	3.95633623816246	0.00688652091921626
2	3.5	-13.4834834834835	0.157534246575343	3.95633623816246	0.00688652091921626
2	3.5	-13.4234234234234	0.157534246575343	3.95633623816246	0.00688652091921626
2	3.5	-13.3633633633634	0.158375270247416	3.95730418255274	0.00692760097190365
2	3.5	-13.3033033033033	0.160752076277191	3.96004293636126	0.00704397012161611
2	3.5	-13.2432432432432	0.162100456621005	3.96159879686537	0.00711016728209027
2	3.5	-13.1831831831832	0.162100456621005	3.96159879686537	0.00711016728209027
2	3.5	-13.1231231231231	0.162100456621005	3.96159879686537	0.00711016728209027
2	3.5	-13.0630630630631	0.162100456621005	3.96159879686537	0.00711016728209027
2	3.5	-13.003003003003	0.162100456621005	3.96159879686537	0.00711016728209027
2	3.5	-12.9429429429429	0.162100456621005	3.96159879686537	0.00711016728209027
2	3.5	-12.8828828828829	0.162895772484814	3.96251722012391	0.00714927367554937
2	3.5	-12.8228228228228	0.164084175499701	3.96389058653976	0.0072077934431784
2	3.5	-12.7627627627628	0.165272578514588	3.96526516452248	0.00726641517288293
2	3.5	-12.7027027027027	0.166460981529475	3.96664095592021	0.00732513909727953
2	3.5	-12.6426426426426	0.168632102422057	3.96915756046132	0.00743268785469528
2	3.5	-12.5825825825826	0.171008908451831	3.97191724430551	0.00755081911572623
2	3.5	-12.5225225225225	0.173385714481605	3.97468181771995	0.00766936368500821
2	3.5	-12.4624624624625	0.175762520511379	3.9774512956912	0.00778832345740151
2	3.5	-12.4024024024024	0.175799086757991	3.97749394143127	0.00779015686073818
2	3.5	-12.3423423423423	0.175949922525265	3.97766986741838	0.00779772069319322
2	3.5	-12.2822822822823	0.178326728555039	3.98044465353163	0.00791713054324043
2	3.5	-12.2222222222222	0.180703534584813	3.98322437556304	0.00803695957041999
2	3.5	-12.1621621621622	0.183080340614587	3.98600904869869	0.0081572097033253
2	3.5	-12.1021021021021	0.184931506849315	3.98818132019152	0.00825115901100288
2	3.5	-12.042042042042	0.184931506849315	3.98818132019152	0.00825115901100288
2	3.5	-11.981981981982	0.185288027753781	3.98860003017024	0.00826928249976694
2	3.5	-11.9219219219219	0.186476430768669	3.98999653973394	0.00832976320522054
2	3.5	-11.8618618618619	0.188115055694965	3.9919241571982	0.00841333144012779
2	3.5	-11.8018018018018	0.190491861724739	3.99472436743855	0.00853490719961585
2	3.5	-11.7417417417417	0.191780821917808	3.99624503901296	0.00860101802115037
2	3.5	-11.6816816816817	0.191780821917808	3.99624503901296	0.00860101802115037
2	3.5	-11.6216216216216	0.191780821917808	3.99624503901296	0.00860101802115037
2	3.5	-11.5615615615616	0.191780821917808	3.99624503901296	0.00860101802115037
2	3.5	-11.5015015015015	0.192512146850047	3.99710848805743	0.00863858394911599
2	3.5	-11.4414414414414	0.193700549864934	3.99851260812965	0.00869971560698524
2	3.5	-11.3813813813814	0.197364030697364	4.00284900840175	0.00888884618131922
2	3.5	-11.3213213213213	0.202117642756912	4.00849370423332	0.0091357971590532
2	3.5	-11.2612612612613	0.205952527870336	4.01306228864453	0.00933629905467682
2	3.5	-11.2012012012012	0.209517736914997	4.01732154816125	0.00952373391670907
2	3.5	-11.1411411411411	0.212070518006591	4.02037838983875	0.0096585573488579
2	3.5	-11.0810810810811	0.214447324036365	4.02322985753849	0.00978455092168412
2	3.5	-11.021021021021	0.21903638798616	4.02875003662715	0.0100290896929868
2	3.5	-10.960960960961	0.223767146141576	4.03446097361017	0.0102829500058391
2	3.5	-10.9009009009009	0.22614395217135	4.03733806029481	0.010411177169994
2	3.5	-10.8408408408408	0.228310502283105	4.03996521284383	0.0105284620483278
2	3.5	-10.7807807807808	0.228310502283105	4.03996521284383	0.0105284620483278
2	3.5	-10.7207207207207	0.228906989180962	4.04068927931959	0.0105608198547406
2	3.5	-10.6606606606607	0.232472198225623	4.04502396766715	0.0107548316917699
2	3.5	-10.6006006006006	0.236037407270284	4.04937057827078	0.0109498920486349
2	3.5	-10.5405405405405	0.239602616314945	4.05372916780424	0.0111460083684195
2	3.5	-10.4804804804805	0.242395363399929	4.05715180017962	0.011300375243606
2	3.5	-10.4204204204204	0.243583766414817	4.0586104862756	0.0113662620904759
2	3.5	-10.3603603603604	0.245732033403266	4.06125075522906	0.0114856676814446
2	3.5	-10.3003003003003	0.249297242447928	4.06564220783909	0.011684693575341
2	3.5	-10.2402402402402	0.252862451492589	4.07004585350559	0.0118848037020382
2	3.5	-10.1801801801802	0.25642766053725	4.07446175071527	0.0120860058237261
2	3.5	-10.1201201201201	0.257990867579909	4.07640183046368	0.0121745715866601
2	3.5	-10.0600600600601	0.257990867579909	4.07640183046368	0.0121745715866601
2	3.5	-10	0.26027397260274	4.07923963081319	0.0123043055125194
2	3.5	-9.93993993993994	0.263839181647401	4.08368118598394	0.0125078028688148
2	3.5	-9.87987987987988	0.267404390692062	4.08813517525644	0.0127124165598189
2	3.5	-9.81981981981982	0.270969599736723	4.09260165874485	0.0129181546369298
2	3.5	-9.75975975975976	0.274534808781384	4.09708069697114	0.0131250252244266
2	3.5	-9.6996996996997	0.278100017826045	4.10157235086871	0.0133330365202685
2	3.5	-9.63963963963964	0.279580950813828	4.1034418378603	0.0134197784954622
2	3.5	-9.57957957957958	0.280769353828714	4.10494362837038	0.0134895300328366
2	3.5	-9.51951951951952	0.284229434914366	4.10932420749146	0.0136933463496216
2	3.5	-9.45945945945946	0.287794643959027	4.1138504777475	0.0139045015448472
2	3.5	-9.3993993993994	0.291359853003689	4.11838959397131	0.0141168285987905
2	3.5	-9.33933933933934	0.29492506204835	4.12294161908704	0.0143303360682205
2	3.5	-9.27927927927928	0.298490271093011	4.12750661645135	0.0145450325883576
2	3.5	-9.21921921921922	0.301598402055023	4.13149699175233	0.0147331808770904
2	3.5	-9.15915915915916	0.30278680506991	4.13302535075313	0.0148053617258285
2	3.5	-9.0990990990991	0.304297448133065	4.1349702337325	0.0148973085399967
2	3.5	-9.03903903903904	0.306674254162839	4.13803503952201	0.0150424160603239
2	3.5	-8.97897897897898	0.310298883358244	4.14272015644158	0.0152647482197586
2	3.5	-8.91891891891892	0.316240898432679	4.15043033739918	0.0156319757310165
2	3.5	-8.85885885885886	0.320144345258501	4.15551551179244	0.0158750914936782
2	3.5	-8.7987987987988	0.321332748273388	4.15706688485346	0.0159494055688004
2	3.5	-8.73873873873874	0.324331180495564	4.16098776871782	0.0161375264992463
2	3.5	-8.67867867867868	0.329084792555112	4.16722340651514	0.0164376005945232
2	3.5	-8.61861861861862	0.333141360538622	4.17256380032352	0.0166954663775915
2	3.5	-8.55855855855856	0.336706569583283	4.17727194843538	0.0169234726977594
2	3.5	-8.4984984984985	0.340271778627942	4.18199384486664	0.0171527754213584
2	3.5	-8.43843843843844	0.343836987672603	4.18672955882392	0.0173833842614962
2	3.5	-8.37837837837838	0.349171088897117	4.19384086895034	0.0177308708567916
2	3.5	-8.31831831831832	0.35511310397155	4.20179952721984	0.0181214686083299
2	3.5	-8.25825825825826	0.358120677755381	4.20584275281838	0.018320595022319
2	3.5	-8.1981981981982	0.360497483785156	4.20904513911647	0.0184786417629464
2	3.5	-8.13813813813814	0.363946137918741	4.21370292156109	0.0187090394531503
2	3.5	-8.07807807807808	0.367511346963403	4.21853218098558	0.0189485745979679
2	3.5	-8.01801801801802	0.368745457786554	4.22020719033641	0.0190318123982147
2	3.5	-7.95795795795796	0.370075555007061	4.22201440865265	0.0191217103552978
2	3.5	-7.8978978978979	0.373640764051723	4.2268684064318	0.0193636304366798
2	3.5	-7.83783783783784	0.377205973096384	4.23173689379651	0.0196069521239431
2	3.5	-7.77777777777778	0.380771182141045	4.23661994523987	0.0198516861301749
2	3.5	-7.71771771771772	0.383819892952314	4.24080718890717	0.0200620934756278
2	3.5	-7.65765765765766	0.3850082959672	4.24244230768228	0.0201443946917566
2	3.5	-7.5975975975976	0.387604499476645	4.24602011005092	0.0203247468269581
2	3.5	-7.53753753753754	0.393546514551082	4.25423829569294	0.0207404136760275
2	3.5	-7.47747747747748	0.398597227364352	4.26125630879134	0.0210969231796779
2	3.5	-7.41741741741742	0.402162436409013	4.26622833950652	0.021350361925948
2	3.5	-7.35735735735736	0.4062669975912	4.27197125454366	0.0216439876170475
2	3.5	-7.2972972972973	0.411020609650747	4.278647463852	0.0219865358445028
2	3.5	-7.23723723723724	0.413875062276889	4.28266945574299	0.0221935255120365
2	3.5	-7.17717717717718	0.415063465291775	4.28434684500479	0.0222799907225422
2	3.5	-7.11711711711712	0.41988563906372	4.2911707517521	0.0226325920335197
2	3.5	-7.05705705705706	0.427016057153043	4.30131309916634	0.023159175717408
2	3.5	-6.996996996997	0.430864654608948	4.30681335872656	0.0234460047126547
2	3.5	-6.93693693693694	0.43324146063872	4.31021935602566	0.0236240663051033
2	3.5	-6.87687687687688	0.435618266668495	4.31363237946818	0.0238028368011856
2	3.5	-6.81681681681682	0.43799507269827	4.31705245396241	0.0239823199290329
2	3.5	-6.75675675675676	0.442387593072523	4.32339165578327	0.0243159066980637
2	3.5	-6.6966966966967	0.447141205132074	4.33027939189421	0.0246797007209995
2	3.5	-6.63663663663664	0.450793259012436	4.33559050765801	0.0249611771653133
2	3.5	-6.57657657657658	0.454358468057097	4.34079175285925	0.0252376385775325
2	3.5	-6.51651651651652	0.457923677101758	4.34600931474127	0.0255157715358476
2	3.5	-6.45645645645646	0.46148888614642	4.35124328128772	0.0257955894085407
2	3.5	-6.3963963963964	0.465054095191081	4.35649374114785	0.0260771056985295
2	3.5	-6.33633633633634	0.469007820605996	4.36233576204294	0.026391302707243
2	3.5	-6.27627627627628	0.474949835680429	4.37115430402597	0.0268675077002682
2	3.5	-6.21621621621622	0.480315932370729	4.37915829695648	0.0273017344175937
2	3.5	-6.15615615615616	0.483881141415387	4.38449735166103	0.0275924491423951
2	3.5	-6.0960960960961	0.487446350460048	4.38985347209834	0.0278849502773269
2	3.5	-6.03603603603604	0.491011559504709	4.39522675196392	0.0281792523566428
2	3.5	-5.97597597597598	0.495527490961281	4.40205768743785	0.028554643314112
2	3.5	-5.91591591591592	0.501469506035715	4.411088262785	0.0290530678915426
2	3.5	-5.85585585585586	0.506842458897254	4.41929590941617	0.029508203977292
2	3.5	-5.7957957957958	0.511596070956801	4.42659093163587	0.0299144398284784
2	3.5	-5.73573573573574	0.514361393356827	4.43084922516552	0.0301523141537951
2	3.5	-5.67567567567568	0.515549796371713	4.43268253958144	0.0302548947653499
2	3.5	-5.61561561561562	0.519007592066954	4.43802812015754	0.030554580954114
2	3.5	-5.55555555555556	0.523761204126502	4.44540465829865	0.0309695513394178
2	3.5	-5.4954954954955	0.529364981419777	4.4541419335586	0.0314632105030169
2	3.5	-5.43543543543544	0.53530699649421	4.46345602304449	0.0319920208294781
2	3.5	-5.37537537537538	0.541249011568647	4.47282147417001	0.0325264180534479
2	3.5	-5.31531531531532	0.547191026643083	4.48223877356514	0.0330664805720799
2	3.5	-5.25525525525526	0.55002033997468	4.48674122114066	0.0333256475084823
2	3.5	-5.1951951951952	0.552397146004452	4.49053277912137	0.0335443775638282
2	3.5	-5.13513513513514	0.558167756797894	4.49977344813924	0.0340793116368279
2	3.5	-5.07507507507508	0.564109771872328	4.50934109867387	0.0346359468101803
2	3.5	-5.01501501501502	0.570051786946764	4.51896253108036	0.0351985621186476
2	3.5	-4.95495495495495	0.57573326751409	4.52821287533408	0.0357421801828856
2	3.5	-4.89489489489489	0.579298476558751	4.53404315213475	0.0360861737752899
2	3.5	-4.83483483483483	0.582863685603412	4.53989327299311	0.0364323998962585
2	3.5	-4.77477477477477	0.586428894648074	4.54576335365292	0.0367808777915771
2	3.5	-4.71471471471471	0.591582450029937	4.55428414675119	0.0372886266324689
2	3.5	-4.65465465465465	0.601089674149035	4.57011449336515	0.0382379702604936
2	3.5	-4.59459459459459	0.60854004689621	4.58262210382825	0.038993604429715
2	3.5	-4.53453453453453	0.612105255940872	4.58863943910451	0.0393588872127744
2	3.5	-4.47447447447447	0.615670464985533	4.59467772015399	0.0397265877799279
2	3.5	-4.41441441441441	0.619235674030194	4.60073707182079	0.0400967274118223
2	3.5	-4.35435435435435	0.622202110786586	4.60579491329893	0.0404065770488001
2	3.5	-4.29429429429429	0.624578916816362	4.60985805950778	0.0406560763683974
2	3.5	-4.23423423423423	0.627648196141346	4.61511905602995	0.0409799067127094
2	3.5	-4.17417417417417	0.631213405186008	4.6212501248791	0.0413583996277408
2	3.5	-4.11411411411411	0.633206265626356	4.62468665009299	0.0415710704001473
2	3.5	-4.05405405405405	0.634394668641246	4.62673917983916	0.0416982709853753
2	3.5	-3.99399399399399	0.636462946965231	4.6303171351281	0.0419203263397038
2	3.5	-3.93393393393393	0.638839752995004	4.63443788840892	0.0421765734940066
2	3.5	-3.87387387387387	0.641216559024779	4.63856837850164	0.0424339687625649
2	3.5	-3.81381381381381	0.643593365054554	4.64270864474283	0.0426925189870191
2	3.5	-3.75375375375375	0.644902893761343	4.64499396352172	0.0428354661852048
2	3.5	-3.69369369369369	0.646091296776229	4.64707048483779	0.0429654976277195
2	3.5	-3.63363363363363	0.648440678121045	4.65118286414748	0.0432234206987058
2	3.5	-3.57357357357357	0.650950036794786	4.65558595037796	0.0435001759115763
2	3.5	-3.51351351351351	0.655703648854333	4.66395736362564	0.0440280714710388
2	3.5	-3.45345345345345	0.660137306256028	4.67180143703933	0.0445247527597867
2	3.5	-3.39339339339339	0.662514112285803	4.67602095673203	0.0447927473025113
2	3.5	-3.33333333333333	0.664637239979707	4.67979869592136	0.0450331688194907
2	3.5	-3.27327327327327	0.665825642994593	4.68191679646298	0.0451681691777729
2	3.5	-3.21321321321321	0.667361425352294	4.68465781067739	0.0453430863707435
2	3.5	-3.15315315315315	0.669738231382066	4.68890827562309	0.0456148077169811
2	3.5	-3.09309309309309	0.671232876712328	4.69158641919132	0.0457863138436997
2	3.5	-3.03303303303303	0.671232876712328	4.69158641919132	0.0457863138436997
2	3.5	-2.97297297297297	0.672302439425728	4.69350538672301	0.0459093453301821
2	3.5	-2.91291291291291	0.6746792454555	4.69777724067338	0.0461836554216133
2	3.5	-2.85285285285285	0.677056051485276	4.70205944899046	0.0464592224776761
2	3.5	-2.79279279279279	0.679432857515051	4.70635205454708	0.0467360541681555
2	3.5	-2.73273273273273	0.682531846915408	4.71196463907952	0.0470989122874569
2	3.5	-2.67267267267267	0.68609705596007	4.71844367467053	0.0475190577825545
2	3.5	-2.61261261261261	0.688030496249673	4.72196723500923	0.047748122142527
2	3.5	-2.55255255255255	0.689218899264563	4.72413649542328	0.0478893450738107
2	3.5	-2.49249249249249	0.69222647304839	4.7296382681505	0.0482482074191141
2	3.5	-2.43243243243243	0.695791682093051	4.73618227781869	0.0486763352436578
2	3.5	-2.37237237237237	0.702366750311956	4.74831445621512	0.04947375425824
2	3.5	-2.31231231231231	0.709497168401279	4.76156540360905	0.0503502092589127
2	3.5	-2.25225225225225	0.711142649498812	4.7646373384412	0.0505542177304106
2	3.5	-2.19219219219219	0.712331052513702	4.766859248028	0.0507019687831717
2	3.5	-2.13213213213213	0.713519455528588	4.76908392356018	0.0508500662654234
2	3.5	-2.07207207207207	0.715091804132901	4.77203160113313	0.0510465448637895
2	3.5	-2.01201201201201	0.721033819207334	4.78321513438909	0.0517945885149855
2	3.5	-1.95195195195195	0.726217084664573	4.79302794491044	0.0524543443761251
2	3.5	-1.89189189189189	0.727405487679459	4.7952853791977	0.0526065710892298
2	3.5	-1.83183183183183	0.728593890694348	4.79754565521478	0.0527591582803064
2	3.5	-1.77177177177177	0.729782293709235	4.79980877905912	0.0529121070871881
2	3.5	-1.71171171171171	0.73097069672412	4.80207475684651	0.0530654186522445
2	3.5	-1.65165165165165	0.73215909973901	4.80434359471109	0.0532190941224025
2	3.5	-1.59159159159159	0.732876712328769	4.80571501127298	0.0533120671645159
2	3.5	-1.53153153153153	0.732876712328769	4.80571501127298	0.0533120671645159
2	3.5	-1.47147147147147	0.732876712328769	4.80571501127298	0.0533120671645159
2	3.5	-1.41141141141141	0.732876712328769	4.80571501127298	0.0533120671645159
2	3.5	-1.35135135135135	0.732218519889754	4.80445711179163	0.0532267874690549
2	3.5	-1.29129129129129	0.731030116874865	4.80218813076183	0.053073093773453
2	3.5	-1.23123123123123	0.730593607305937	4.80135543517609	0.0530167323527697
2	3.5	-1.17117117117117	0.730593607305937	4.80135543517609	0.0530167323527697
2	3.5	-1.11111111111111	0.729748012853036	4.7997434566947	0.0529076900267091
2	3.5	-1.05105105105105	0.72855960983815	4.7974804150848	0.052754751667032
2	3.5	-0.990990990990991	0.728310502283105	4.79700640796791	0.0527227393124103
2	3.5	-0.930930930930931	0.728310502283105	4.79700640796791	0.0527227393124103
2	3.5	-0.870870870870871	0.728310502283105	4.79700640796791	0.0527227393124103
2	3.5	-0.810810810810811	0.728310502283105	4.79700640796791	0.0527227393124103
2	3.5	-0.750750750750751	0.730563897230564	4.80129877357955	0.0530128980185197
2	3.5	-0.690690690690691	0.732908707794554	4.80577618159338	0.0533162155631605
2	3.5	-0.630630630630631	0.73409711080944	4.80804969679007	0.0534704869507155
2	3.5	-0.570570570570571	0.735159817351597	4.81008517990352	0.0536087519172952
2	3.5	-0.510510510510511	0.735159817351597	4.81008517990352	0.0536087519172952
2	3.5	-0.45045045045045	0.735598612310942	4.81092630939732	0.0536659277544627
2	3.5	-0.39039039039039	0.737975418340714	4.8154892686995	0.0539765045721952
2	3.5	-0.33033033033033	0.739726027397261	4.81885747061159	0.054206204239448
2	3.5	-0.27027027027027	0.739726027397261	4.81885747061159	0.054206204239448
2	3.5	-0.21021021021021	0.739726027397261	4.81885747061159	0.054206204239448
2	3.5	-0.15015015015015	0.739726027397261	4.81885747061159	0.054206204239448
2	3.5	-0.0900900900900901	0.739726027397261	4.81885747061159	0.054206204239448
2	3.5	-0.03003003003003	0.739726027397261	4.81885747061159	0.054206204239448
2	3.5	0.03003003003003	0.739131825889818	4.81771351080089	0.0541281478669365
2	3.5	0.0900900900900901	0.737943422874928	4.81542776742359	0.0539723139038969
2	3.5	0.15015015015015	0.736755019860042	4.81314492048846	0.0538168506683093
2	3.5	0.21021021021021	0.735566616845157	4.81086496375209	0.0536617569860609
2	3.5	0.27027027027027	0.735159817351597	4.81008517990352	0.0536087519172952
2	3.5	0.33033033033033	0.735159817351597	4.81008517990352	0.0536087519172952
2	3.5	0.39039039039039	0.734284512823327	4.80840847503705	0.0534948478265882
2	3.5	0.45045045045045	0.733096109808438	4.80613450668059	0.0533405186518275
2	3.5	0.510510510510511	0.731907706793552	4.80386340941807	0.0531865554448345
2	3.5	0.570570570570571	0.730719303778666	4.8015951770823	0.0530329570504774
2	3.5	0.630630630630631	0.730593607305937	4.80135543517609	0.0530167323527697
2	3.5	0.690690690690691	0.730593607305937	4.80135543517609	0.0530167323527697
2	3.5	0.750750750750751	0.730593607305937	4.80135543517609	0.0530167323527697
2	3.5	0.810810810810811	0.730593607305937	4.80135543517609	0.0530167323527697
2	3.5	0.870870870870871	0.730593607305937	4.80135543517609	0.0530167323527697
2	3.5	0.930930930930931	0.730593607305937	4.80135543517609	0.0530167323527697
2	3.5	0.990990990990991	0.730593607305937	4.80135543517609	0.0530167323527697
2	3.5	1.05105105105105	0.730593607305937	4.80135543517609	0.0530167323527697
2	3.5	1.11111111111111	0.730593607305937	4.80135543517609	0.0530167323527697
2	3.5	1.17117117117117	0.730593607305937	4.80135543517609	0.0530167323527697
2	3.5	1.23123123123123	0.730593607305937	4.80135543517609	0.0530167323527697
2	3.5	1.29129129129129	0.729720588168077	4.7996912005129	0.0529041565956402
2	3.5	1.35135135135135	0.727343782138305	4.79516809637109	0.0525986581470586
2	3.5	1.41141141141141	0.725497186684401	4.79166184022145	0.0523623049613407
2	3.5	1.47147147147147	0.724308783669515	4.7894089563856	0.0522106547235126
2	3.5	1.53153153153153	0.721872557488995	4.78479937247559	0.0519008882499703
2	3.5	1.59159159159159	0.718307348444334	4.77807493846188	0.0514502597417698
2	3.5	1.65165165165165	0.715459751989431	4.7727220940127	0.0510926112456866
2	3.5	1.71171171171171	0.713082945959659	4.76826646136059	0.0507956285987887
2	3.5	1.77177177177177	0.711517453526586	4.76533779628934	0.050600778804753
2	3.5	1.83183183183183	0.7103290505117	4.7631177769346	0.0504532643011104
2	3.5	1.89189189189189	0.709140647496811	4.76090051367375	0.0503060944135319
2	3.5	1.95195195195195	0.707952244481925	4.75868600068209	0.0501592680712177
2	3.5	2.01201201201201	0.703767694635275	4.750910166527	0.0496449889098599
2	3.5	2.07207207207207	0.699014082575727	4.74211785085664	0.0490658654968844
2	3.5	2.13213213213213	0.697537720368771	4.73939597381478	0.0488870957510144
2	3.5	2.19219219219219	0.696349317353885	4.73720801042883	0.0487435681902451
2	3.5	2.25225225225225	0.695160914338996	4.73502273569343	0.0486003729106431
2	3.5	2.31231231231231	0.693606848857989	4.73216911621311	0.0484136172151006
2	3.5	2.37237237237237	0.687664833783556	4.72130030358006	0.0477047344050171
2	3.5	2.43243243243243	0.68227816857954	4.71150453256448	0.0470691276011123
2	3.5	2.49249249249249	0.679901362549765	4.7071994235817	0.0467907718279136
2	3.5	2.55255255255255	0.677803374150407	4.70340802058548	0.0465461280827259
2	3.5	2.61261261261261	0.676614971135521	4.70126398552106	0.0464079882539213
2	3.5	2.67267267267267	0.675054049483274	4.6984518232274	0.0462270265522943
2	3.5	2.73273273273273	0.672677243453499	4.69417833931026	0.0459525187541863
2	3.5	2.79279279279279	0.669367998135122	4.6882455100199	0.0455724004697482
2	3.5	2.85285285285285	0.664614386075575	4.6797579881671	0.0450305756635386
2	3.5	2.91291291291291	0.662100456621004	4.675285870465	0.0447460185638925
2	3.5	2.97297297297297	0.662100456621004	4.675285870465	0.0447460185638925
2	3.5	3.03303303303303	0.659485969988254	4.67064689077202	0.0444515237083703
2	3.5	3.09309309309309	0.654732357928706	4.66224361084274	0.0439198206004934
2	3.5	3.15315315315315	0.648484100538897	4.65125896205326	0.0432281985537003
2	3.5	3.21321321321321	0.641353682449574	4.63880697390268	0.0424488536618928
2	3.5	3.27327327327327	0.636746335376472	4.63080794574657	0.0419508188245364
2	3.5	3.33333333333333	0.63318112633181	4.62464325725317	0.0415683826783394
2	3.5	3.39339339339339	0.6324200913242	4.62333014813455	0.041487077918798
2	3.5	3.45345345345345	0.6324200913242	4.62333014813455	0.041487077918798
2	3.5	3.51351351351351	0.625221111522483	4.61095751987958	0.0407236790442543
2	3.5	3.57357357357357	0.616902290418274	4.59676891508853	0.0398541989045832
2	3.5	3.63363363363363	0.613071976085675	4.59027466727615	0.0394583508363724
2	3.5	3.69369369369369	0.609534191725973	4.58429791578442	0.0390952202499359
2	3.5	3.75375375375375	0.607157385696198	4.58029406799399	0.0388525864138443
2	3.5	3.81381381381381	0.604417202590718	4.5756895494125	0.03857417468173
2	3.5	3.87387387387387	0.598475187516285	4.5657466655324	0.0379752487199116
2	3.5	3.93393393393393	0.592747999140694	4.55621709731521	0.037404125327951
2	3.5	3.99399399399399	0.587994387081147	4.54834725749894	0.0369346117824932
2	3.5	4.05405405405405	0.583857830433172	4.54152811055599	0.0365293443813392
2	3.5	4.11411411411411	0.5814810244034	4.53762211311294	0.0362978600625991
2	3.5	4.17417417417417	0.578701989660895	4.53306632280536	0.036028466006483
2	3.5	4.23423423423423	0.575136780616234	4.52723935483209	0.0356848440685513
2	3.5	4.29429429429429	0.571075641851896	4.52062584765689	0.0352961152743963
2	3.5	4.35435435435435	0.566322029792349	4.51291692010795	0.0348447095220495
2	3.5	4.41441441441441	0.560978787006185	4.50429301222378	0.0343419029001833
2	3.5	4.47447447447447	0.555036771931748	4.49475349412795	0.0337883849483852
2	3.5	4.53453453453453	0.550461420324435	4.48744421012598	0.0333661686757433
2	3.5	4.59459459459459	0.546896211279773	4.48177030068276	0.0330395503753976
2	3.5	4.65465465465465	0.540222871273098	4.47120044270038	0.0324337292709108
2	3.5	4.71471471471471	0.53190405016889	4.45811566208997	0.0316884965943981
2	3.5	4.77477477477477	0.525326696559575	4.44784100442119	0.0311069722426406
2	3.5	4.83483483483483	0.519384681485138	4.43861210516883	0.0305873730740496
2	3.5	4.89489489489489	0.51730040542826	4.43538678141367	0.03040639283181
2	3.5	4.95495495495495	0.516112002413374	4.43355053202598	0.0303034976168909
2	3.5	5.01501501501502	0.51174919211449	4.42682644073899	0.0299275813663762
2	3.5	5.07507507507508	0.506995580054942	4.41953040208519	0.0295212370930927
2	3.5	5.13513513513514	0.502241967995392	4.41226580567218	0.0291182409957717
2	3.5	5.1951951951952	0.497488355935844	4.40503242011367	0.0287185566935878
2	3.5	5.25525525525526	0.492734743876297	4.39783001639971	0.028322148301458
2	3.5	5.31531531531532	0.488282803351296	4.39111258207584	0.027953835834056
2	3.5	5.37537537537538	0.485905997321524	4.38753725358477	0.027758354681061
2	3.5	5.43543543543544	0.483529191291749	4.38396953346063	0.0275636711457584
2	3.5	5.4954954954955	0.481152385261973	4.38040939399833	0.0273697809333642
2	3.5	5.55555555555556	0.477760865888719	4.37534242039179	0.0270944797351871
2	3.5	5.61561561561562	0.471818850814286	4.3665018093244	0.0266159823244878
2	3.5	5.67567567567568	0.466308774527951	4.35834543931087	0.0261765843475086
2	3.5	5.73573573573574	0.461555162468404	4.35134073526127	0.0258008071890517
2	3.5	5.7957957957958	0.457327190203902	4.34513523618156	0.0254691207488142
2	3.5	5.85585585585586	0.453761981159241	4.33992041031656	0.0251912683806003
2	3.5	5.91591591591592	0.447719408906624	4.33111913232409	0.0247241495276733
2	3.5	5.97597597597598	0.439400587802416	4.31907822967721	0.0240887934167915
2	3.5	6.03603603603604	0.434646975742865	4.31223678376328	0.0237296956566243
2	3.5	6.0960960960961	0.432270169713093	4.30882663458392	0.0235512153058085
2	3.5	6.15615615615616	0.428279878051566	4.3031172829348	0.0232531630659319
2	3.5	6.21621621621622	0.423526265992019	4.29634141303765	0.02290067328629
2	3.5	6.27627627627628	0.417872210109652	4.28831809181763	0.0224850255984224
2	3.5	6.33633633633634	0.411930195035219	4.27992802485245	0.0220523881130601
2	3.5	6.3963963963964	0.40399989030126	4.26879673960901	0.0214815615811959
2	3.5	6.45645645645646	0.395681069197052	4.25720061530337	0.0208907232769958
2	3.5	6.51651651651652	0.394977168949773	4.25622315583638	0.0208410984197908
2	3.5	6.57657657657658	0.394977168949773	4.25622315583638	0.0208410984197908
2	3.5	6.63663663663664	0.389069434731535	4.24804238089479	0.020426850121322
2	3.5	6.6966966966967	0.383214264492802	4.23997453583712	0.0200202127587744
2	3.5	6.75675675675676	0.378460652433254	4.23345368760268	0.0196929180587324
2	3.5	6.81681681681682	0.373887586216354	4.22720498786558	0.0193804305035577
2	3.5	6.87687687687688	0.370322377171693	4.2223499893503	0.0191384137309695
2	3.5	6.93693693693694	0.36730566182621	4.21825318015973	0.0189347177590032
2	3.5	6.996996996997	0.366117258811324	4.21664211070546	0.0188547460791781
2	3.5	7.05705705705706	0.363089116513774	4.21254417501401	0.0186516639726333
2	3.5	7.11711711711712	0.355958698424451	4.202935283748	0.0181773568279664
2	3.5	7.17717717717718	0.350674875789032	4.19585133517551	0.0178293709235777
2	3.5	7.23723723723724	0.348298069759257	4.19267484104218	0.0176737955971094
2	3.5	7.2972972972973	0.345921263729485	4.18950455806545	0.0175188106330608
2	3.5	7.35735735735736	0.343544457699709	4.18634046538728	0.0173644130874424
2	3.5	7.41741741741742	0.339220499037851	4.1806000574188	0.0170850251678147
2	3.5	7.47747747747748	0.333278483963414	4.17274462955371	0.0167042119961105
2	3.5	7.53753753753754	0.328079220773285	4.1659023181054	0.0163739349692092
2	3.5	7.5975975975976	0.323325608713736	4.1596717750065	0.0160743378468934
2	3.5	7.65765765765766	0.321081355327931	4.15673858518762	0.0159336736613349
2	3.5	7.71771771771772	0.319892952313044	4.15518752806735	0.0158593890526143
2	3.5	7.77777777777778	0.314983933705395	4.14879625294281	0.0155540066159554
2	3.5	7.83783783783784	0.30904191863096	4.14109388342359	0.0151875037168881
2	3.5	7.8978978978979	0.306171468271925	4.13738622720691	0.0150116751808129
2	3.5	7.95795795795796	0.303794662242151	4.13432265848447	0.0148666818409661
2	3.5	8.01801801801802	0.301417856212377	4.13126492609512	0.0147222266681668
2	3.5	8.07807807807808	0.299063904086735	4.12824232862081	0.0145796883417182
2	3.5	8.13813813813814	0.297875501071848	4.12671851868545	0.0145079259836476
2	3.5	8.1981981981982	0.296220878412659	4.12459931609581	0.0144082319915347
2	3.5	8.25825825825826	0.290278863338224	4.11701194990833	0.0140523256471145
2	3.5	8.31831831831832	0.284547104181808	4.109726990085	0.013712113482703
2	3.5	8.37837837837838	0.279793492122259	4.10371032361173	0.0134322438781408
2	3.5	8.43843843843844	0.275951750837596	4.09886432745212	0.0132075593319694
2	3.5	8.4984984984985	0.274763347822709	4.09736824442378	0.0131383249767195
2	3.5	8.55855855855856	0.273574944807822	4.09587356356884	0.0130692174248991
2	3.5	8.61861861861862	0.272386541792935	4.09438028262444	0.0130002363717905
2	3.5	8.67867867867868	0.269232703022657	4.09042411505644	0.0128177823001171
2	3.5	8.73873873873874	0.263290687948223	4.08299706198303	0.012476423122976
2	3.5	8.7987987987988	0.259688912656949	4.07851194375815	0.0122710171516869
2	3.5	8.85885885885886	0.258500509642062	4.077034854249	0.0122034919125016
2	3.5	8.91891891891892	0.256633345674442	4.074716889045	0.0120976471191461
2	3.5	8.97897897897898	0.254256539644667	4.07177112060408	0.0119633484444034
2	3.5	9.03903903903904	0.251107271655217	4.06787637743434	0.0117861519644499
2	3.5	9.0990990990991	0.247542062610556	4.06347874178811	0.0115865765796396
2	3.5	9.15915915915916	0.243976853565895	4.05909327054846	0.0113880816316283
2	3.5	9.21921921921922	0.240411644521234	4.05471990580992	0.0111906594608895
2	3.5	9.27927927927928	0.238766163423698	4.05270549710207	0.01109990125679
2	3.5	9.33933933933934	0.237577760408811	4.05125223942132	0.0110344943600995
2	3.5	9.3993993993994	0.236389357393924	4.04980031546329	0.0109692051516582
2	3.5	9.45945945945946	0.235200954379037	4.04834972311825	0.010904033353923
2	3.5	9.51951951951952	0.231718019389252	4.04410602200837	0.0107137035344119
2	3.5	9.57957957957958	0.2282579383036	4.03990142213537	0.0105256119902279
2	3.5	9.63963963963964	0.227069535288713	4.03845988486078	0.0104612361706912
2	3.5	9.6996996996997	0.225442337314484	4.03648822057301	0.010373277720589
2	3.5	9.75975975975976	0.220688725254935	4.03074237615754	0.0101175516849348
2	3.5	9.81981981981982	0.216415045182169	4.0255944578848	0.00988919924857284
2	3.5	9.87987987987988	0.214038239152394	4.02273870790685	0.00976283350701239
2	3.5	9.93993993993994	0.211995100122954	4.02028799508731	0.00965456681405158
2	3.5	10	0.210806697108067	4.01886427818028	0.00959174511180571
2	3.5	10.0600600600601	0.210045662100457	4.01795322804673	0.00955157370887439
2	3.5	10.1201201201201	0.210045662100457	4.01795322804673	0.00955157370887439
2	3.5	10.1801801801802	0.209003524072017	4.0167065193606	0.0094966383610655
2	3.5	10.2402402402402	0.206626718042243	4.01386684124555	0.0093716669558599
2	3.5	10.3003003003003	0.204249912012469	4.01103228419923	0.00924713842947229
2	3.5	10.3603603603604	0.201873105982695	4.00820283230081	0.0091230507278248
2	3.5	10.4204204204204	0.200913242009132	4.00706161258213	0.00907306288263767
2	3.5	10.4804804804805	0.200913242009132	4.00706161258213	0.00907306288263767
2	3.5	10.5405405405405	0.199308897939035	4.0051559955599	0.00898967116918493
2	3.5	10.6006006006006	0.196932091909261	4.00233710582912	0.00886649335255893
2	3.5	10.6606606606607	0.195451158921479	4.00058327854	0.00878996396849621
2	3.5	10.7207207207207	0.194262755906592	3.99917730343885	0.00872867318666984
2	3.5	10.7807807807808	0.19208477884277	3.99660385224804	0.00861662641002543
2	3.5	10.8408408408408	0.189707972812996	3.99380028314868	0.00849476324563737
2	3.5	10.9009009009009	0.1884144418391	3.99227660049289	0.00842862175327911
2	3.5	10.960960960961	0.187226038824213	3.99087805626513	0.00836796731165353
2	3.5	11.021021021021	0.184860659746505	3.988098128346	0.00824755868645691
2	3.5	11.0810810810811	0.182566127771607	3.98540617490206	0.00813115825474433
2	3.5	11.1411411411411	0.18137772475672	3.98401375512828	0.00807102611585405
2	3.5	11.2012012012012	0.180189321741833	3.9826225742094	0.00801099939048938
2	3.5	11.2612612612613	0.179000918726946	3.98123263024281	0.00795107783683701
2	3.5	11.3213213213213	0.178082191780822	3.98015894319558	0.007904825794474
2	3.5	11.3813813813814	0.178082191780822	3.98015894319558	0.007904825794474
2	3.5	11.4414414414414	0.178082191780822	3.98015894319558	0.007904825794474
2	3.5	11.5015015015015	0.178082191780822	3.98015894319558	0.007904825794474
2	3.5	11.5615615615616	0.177625113698173	3.97962504522757	0.00788183815467544
2	3.5	11.6216216216216	0.176436710683286	3.97823776376112	0.00782214270871163
2	3.5	11.6816816816817	0.175799086757991	3.97749394143127	0.00779015686073818
2	3.5	11.7417417417417	0.175799086757991	3.97749394143127	0.00779015686073818
2	3.5	11.8018018018018	0.173221166371851	3.97449026632873	0.00766114339770577
2	3.5	11.8618618618619	0.168467554312303	3.96896668601658	0.00742452478575899
2	3.5	11.9219219219219	0.166666666666667	3.96687919697963	0.00733531324499327
2	3.5	11.981981981982	0.166666666666667	3.96687919697963	0.00733531324499327
2	3.5	12.042042042042	0.166666666666667	3.96687919697963	0.00733531324499327
2	3.5	12.1021021021021	0.166666666666667	3.96687919697963	0.00733531324499327
2	3.5	12.1621621621622	0.167592249784031	3.96795173250524	0.00738113491231523
2	3.5	12.2222222222222	0.168780652798917	3.96932989773512	0.00744005898557166
2	3.5	12.2822822822823	0.168949771689498	3.96952612027651	0.00744845269146839
2	3.5	12.3423423423423	0.168949771689498	3.96952612027651	0.00744845269146839
2	3.5	12.4024024024024	0.168949771689498	3.96952612027651	0.00744845269146839
2	3.5	12.4624624624625	0.168949771689498	3.96952612027651	0.00744845269146839
2	3.5	12.5225225225225	0.168949771689498	3.96952612027651	0.00744845269146839
2	3.5	12.5825825825826	0.168837787559249	3.96939618637298	0.00744289446393782
2	3.5	12.6426426426426	0.167649384544362	3.96801796258503	0.00738396544964885
2	3.5	12.7027027027027	0.166666666666667	3.96687919697963	0.00733531324499327
2	3.5	12.7627627627628	0.166666666666667	3.96687919697963	0.00733531324499327
2	3.5	12.8228228228228	0.166367280522532	3.96653243595213	0.00732050522510973
2	3.5	12.8828828828829	0.165178877507645	3.96515674029472	0.00726178936683438
2	3.5	12.9429429429429	0.164383561643836	3.96423676021739	0.00722255199278818
2	3.5	13.003003003003	0.164383561643836	3.96423676021739	0.00722255199278818
2	3.5	13.0630630630631	0.164383561643836	3.96423676021739	0.00722255199278818
2	3.5	13.1231231231231	0.164383561643836	3.96423676021739	0.00722255199278818
2	3.5	13.1831831831832	0.164383561643836	3.96423676021739	0.00722255199278818
2	3.5	13.2432432432432	0.164383561643836	3.96423676021739	0.00722255199278818
2	3.5	13.3033033033033	0.163709371471929	3.96345731718925	0.00718932621208437
2	3.5	13.3633633633634	0.162520968457042	3.96208433250023	0.00713083855358055
2	3.5	13.4234234234234	0.160564674263305	3.95982682110752	0.00703478016911641
2	3.5	13.4834834834835	0.15818786823353	3.95708844715729	0.0069184428938144
2	3.5	13.5435435435435	0.156672654389549	3.95534524518847	0.00684448848501859
2	3.5	13.6036036036036	0.155484251374662	3.95397939329534	0.00678659939950438
2	3.5	13.6636636636637	0.155251141552511	3.95371161683016	0.00677525600638856
2	3.5	13.7237237237237	0.155251141552511	3.95371161683016	0.00677525600638856
2	3.5	13.7837837837838	0.154202147352832	3.95250719293767	0.0067242584478319
2	3.5	13.8438438438438	0.153013744337945	3.9511438301095	0.00666657761229424
2	3.5	13.9039039039039	0.15296803652968	3.95109141694466	0.0066643611136473
2	3.5	13.963963963964	0.152920043331002	3.95103638502328	0.00666203394898647
2	3.5	14.024024024024	0.151731640316115	3.94967431084168	0.00660446080143643
2	3.5	14.0840840840841	0.150684931506849	3.94847562564732	0.00655383463275137
2	3.5	14.1441441441441	0.150684931506849	3.94847562564732	0.00655383463275137
2	3.5	14.2042042042042	0.150449536294285	3.94820617963825	0.00654245989611012
2	3.5	14.2642642642643	0.149261133279398	3.94684658264164	0.00648509351371527
2	3.5	14.3243243243243	0.148401826484018	3.9458642301318	0.00644367496418931
2	3.5	14.3843843843844	0.148401826484018	3.9458642301318	0.00644367496418931
2	3.5	14.4444444444444	0.148401826484018	3.9458642301318	0.00644367496418931
2	3.5	14.5045045045045	0.148401826484018	3.9458642301318	0.00644367496418931
2	3.5	14.5645645645646	0.147885328250625	3.94527407237024	0.00641880467187698
2	3.5	14.6246246246246	0.146696925235738	3.94391703828751	0.00636165187066864
2	3.5	14.6846846846847	0.146118721461187	3.94325721764384	0.00633388051712232
2	3.5	14.7447447447447	0.146118721461187	3.94325721764384	0.00633388051712232
2	3.5	14.8048048048048	0.146118721461187	3.94325721764384	0.00633388051712232
2	3.5	14.8648648648649	0.146118721461187	3.94325721764384	0.00633388051712232
2	3.5	14.9249249249249	0.144523518952743	3.9414382956886	0.00625738317161972
2	3.5	14.984984984985	0.142146712922969	3.93873210241337	0.00614373246057601
2	3.5	15.045045045045	0.139769906893195	3.9360306217329	0.00603047288847478
2	3.5	15.1051051051051	0.13739310086342	3.93333383947533	0.00591760269668328
2	3.5	15.1651651651652	0.135016294833646	3.93064174152844	0.00580512013644119
2	3.5	15.2252252252252	0.132639488803872	3.92795431383933	0.00569302346879371
2	3.5	15.2852852852853	0.132420091324201	3.92770647854592	0.00568269547767693
2	3.5	15.3453453453453	0.132420091324201	3.92770647854592	0.00568269547767693
2	3.5	15.4054054054054	0.131247686042207	3.9263827807147	0.00562756070103904
2	3.5	15.4654654654655	0.129981579753269	3.9249545603614	0.00556812413630668
2	3.5	15.5255255255255	0.127604773723495	3.92227697939063	0.00545683919395216
2	3.5	15.5855855855856	0.125227967693721	3.91960402523422	0.00534593478390025
2	3.5	15.6456456456456	0.122851161663947	3.91693568408018	0.00523540920688475
2	3.5	15.7057057057057	0.120209250346237	3.91397511700765	0.00511299829183463
2	3.5	15.7657657657658	0.116644041301576	3.9099888631509	0.00494854170390675
2	3.5	15.8258258258258	0.113796444846673	3.90681234878623	0.00481779004403616
2	3.5	15.8858858858859	0.112608041831786	3.90548860844145	0.00476338030922985
2	3.5	15.9459459459459	0.110967131515077	3.90366269394662	0.00468840500249423
2	3.5	16.006006006006	0.108590325485303	3.901021743964	0.00458011726508546
2	3.5	16.0660660660661	0.106759727764294	3.89899078513862	0.00449696528575337
2	3.5	16.1261261261261	0.105571324749407	3.8976737417638	0.00444310022796779
2	3.5	16.1861861861862	0.103103103103103	3.89494193751483	0.00433151809176123
2	3.5	16.2462462462462	0.0995378940584422	3.89100453702703	0.00417103539913321
2	3.5	16.3063063063063	0.0974399056590836	3.88869222894354	0.00407697753814971
2	3.5	16.3663663663664	0.0962515026441966	3.88738396560153	0.0040238229676073
2	3.5	16.4264264264264	0.0934084769701206	3.88425870742784	0.00389702454498094
2	3.5	16.4864864864865	0.0898432679254596	3.88034853582997	0.00373873839341714
2	3.5	16.5465465465465	0.0881200835538736	3.87846218245368	0.00366251976995302
2	3.5	16.6066066066066	0.0869316805389866	3.87716259831166	0.00361006349465069
2	3.5	16.6666666666667	0.084728564180619	3.87475627666922	0.00351305074419341
2	3.5	16.7267267267267	0.082351758150845	3.87216447072502	0.00340872809741878
2	3.5	16.7867867867868	0.0821917808219178	3.87199017948102	0.00340171896044868
2	3.5	16.8468468468468	0.0821780684794383	3.87197524115332	0.0034011182509905
2	3.5	16.9069069069069	0.0809896654645513	3.87068113869139	0.00334910094109012
2	3.5	16.966966966967	0.0798012624496643	3.8693881277621	0.00329717084808969
2	3.5	17.027027027027	0.0786128594347773	3.86809620677197	0.00324532778115294
2	3.5	17.0870870870871	0.0768211133507933	3.86615044435546	0.00316732848271812
2	3.5	17.1471471471471	0.0720675012912456	3.86100016531602	0.00296134322098748
2	3.5	17.2072072072072	0.0684931506849316	3.85713893502864	0.00280736297613559
2	3.5	17.2672672672673	0.0684931506849316	3.85713893502864	0.00280736297613559
2	3.5	17.3273273273273	0.0677161179444285	3.85630082535415	0.00277399121563296
2	3.5	17.3873873873874	0.0653393119146542	3.85374004391992	0.00267213855021283
2	3.5	17.4474474474474	0.0634447232620747	3.85170187412301	0.00259119309113994
2	3.5	17.5075075075075	0.0622563202471877	3.85042479429785	0.00254052869073946
2	3.5	17.5675675675676	0.0610679172323007	3.849148781261	0.00248994855872552
2	3.5	17.6276276276276	0.0598795142174137	3.84787383346933	0.00243945251227938
2	3.5	17.6876876876877	0.058021491811446	3.84588263265285	0.0023606719541533
2	3.5	17.7477477477477	0.055644685781672	3.8433392442186	0.00226019273646504
2	3.5	17.8078078078078	0.053267879751898	3.84080008875849	0.00216004654941569
2	3.5	17.8678678678679	0.050891073722124	3.83826515407814	0.00206023195425295
2	3.5	17.9279279279279	0.0493712890973163	3.83664646503224	0.00199658133986369
2	3.5	17.987987987988	0.0481828860824294	3.83538192003017	0.00194690323831014
2	3.5	18.048048048048	0.0469944830675424	3.83411842374124	0.00189730727157312
2	3.5	18.1081081081081	0.0458060800526557	3.83285597465882	0.00184779326259061
2	3.5	18.1681681681682	0.045662100456621	3.83270309514681	0.00184180000772615
2	3.5	18.2282282282282	0.045662100456621	3.83270309514681	0.00184180000772615
2	3.5	18.2882882882883	0.045662100456621	3.83270309514681	0.00184180000772615
2	3.5	18.3483483483483	0.045662100456621	3.83270309514681	0.00184180000772615
2	3.5	18.4084084084084	0.045662100456621	3.83270309514681	0.00184180000772615
2	3.5	18.4684684684685	0.045662100456621	3.83270309514681	0.00184180000772615
2	3.5	18.5285285285285	0.045662100456621	3.83270309514681	0.00184180000772615
2	3.5	18.5885885885886	0.045662100456621	3.83270309514681	0.00184180000772615
2	3.5	18.6486486486486	0.045662100456621	3.83270309514681	0.00184180000772615
2	3.5	18.7087087087087	0.0453375750179404	3.83235856585389	0.00182829580198048
2	3.5	18.7687687687688	0.0441491720030534	3.83109757431011	0.00177889576639337
2	3.5	18.8288288288288	0.0429607689881661	3.82983762637793	0.00172957726656463
2	3.5	18.8888888888889	0.0417723659732791	3.82857872056099	0.00168034012704173
2	3.5	18.9489489489489	0.0405839629583921	3.82732085536593	0.00163118417284287
2	3.5	19.009009009009	0.0393955599435051	3.82606402930237	0.00158210922945556
2	3.5	19.0690690690691	0.0388127853881277	3.82544808041597	0.00155807318325145
2	3.5	19.1291291291291	0.0388127853881277	3.82544808041597	0.00155807318325145
2	3.5	19.1891891891892	0.0388127853881277	3.82544808041597	0.00155807318325145
2	3.5	19.2492492492492	0.0388127853881277	3.82544808041597	0.00155807318325145
2	3.5	19.3093093093093	0.0396058158615236	3.8262863152427	0.00159078582869649
2	3.5	19.3693693693694	0.0407942188764109	3.82754332504422	0.0016398750920802
2	3.5	19.4294294294294	0.0410958904109589	3.82786257750013	0.0016523491030143
2	3.5	19.4894894894895	0.0410958904109589	3.82786257750013	0.0016523491030143
2	3.5	19.5495495495495	0.0410958904109589	3.82786257750013	0.0016523491030143
2	3.5	19.6096096096096	0.0410958904109589	3.82786257750013	0.0016523491030143
2	3.5	19.6696696696697	0.0410958904109589	3.82786257750013	0.0016523491030143
2	3.5	19.7297297297297	0.0410958904109589	3.82786257750013	0.0016523491030143
2	3.5	19.7897897897898	0.0399280559097912	3.8266270556623	0.00160408857308388
2	3.5	19.8498498498498	0.0388127853881277	3.82544808041597	0.00155807318325145
2	3.5	19.9099099099099	0.0388127853881277	3.82544808041597	0.00155807318325145
2	3.5	19.96996996997	0.0388127853881277	3.82544808041597	0.00155807318325145
2	3.5	20.03003003003	0.0388127853881277	3.82544808041597	0.00155807318325145
2	3.5	20.0900900900901	0.0388127853881277	3.82544808041597	0.00155807318325145
2	3.5	20.1501501501502	0.0388127853881277	3.82544808041597	0.00155807318325145
2	3.5	20.2102102102102	0.0391670209021806	3.82582245098899	0.00157268101323552
2	3.5	20.2702702702703	0.0403554239170679	3.82707907739018	0.00162174039758838
2	3.5	20.3303303303303	0.0415438269319549	3.82833674263661	0.00167088075924636
2	3.5	20.3903903903904	0.0427322299468419	3.82959544821807	0.00172010227263189
2	3.5	20.4504504504505	0.0433789954337901	3.83028091221486	0.00174692429771349
2	3.5	20.5105105105105	0.0433789954337901	3.83028091221486	0.00174692429771349
2	3.5	20.5705705705706	0.0433789954337901	3.83028091221486	0.00174692429771349
2	3.5	20.6306306306306	0.0433789954337901	3.83028091221486	0.00174692429771349
2	3.5	20.6906906906907	0.0433789954337901	3.83028091221486	0.00174692429771349
2	3.5	20.7507507507508	0.0433789954337901	3.83028091221486	0.00174692429771349
2	3.5	20.8108108108108	0.0433789954337901	3.83028091221486	0.00174692429771349
2	3.5	20.8708708708709	0.0433789954337901	3.83028091221486	0.00174692429771349
2	3.5	20.9309309309309	0.0415461123223682	3.82833916222539	0.00167097533806644
2	3.5	20.990990990991	0.0391693062925938	3.82582486658221	0.00157277528060363
2	3.5	21.0510510510511	0.0388127853881277	3.82544808041597	0.00155807318325145
2	3.5	21.1111111111111	0.0388127853881277	3.82544808041597	0.00155807318325145
2	3.5	21.1711711711712	0.0388127853881277	3.82544808041597	0.00155807318325145
2	3.5	21.2312312312312	0.0387945022648217	3.82542876056441	0.00155731942548716
2	3.5	21.2912912912913	0.0364176962350477	3.82291926762173	0.00145949342506889
2	3.5	21.3513513513514	0.0341437327738698	3.82052222983861	0.00136620133756303
2	3.5	21.4114114114114	0.0329553297589827	3.81927100927373	0.00131756239509934
2	3.5	21.4714714714715	0.0319634703196347	3.81822750969064	0.00127702876528591
2	3.5	21.5315315315315	0.0319634703196347	3.81822750969064	0.00127702876528591
2	3.5	21.5915915915916	0.0319634703196347	3.81822750969064	0.00127702876528591
2	3.5	21.6516516516517	0.0319634703196347	3.81822750969064	0.00127702876528591
2	3.5	21.7117117117117	0.0319634703196347	3.81822750969064	0.00127702876528591
2	3.5	21.7717717717718	0.0319634703196347	3.81822750969064	0.00127702876528591
2	3.5	21.8318318318318	0.0324411169160028	3.81872993498938	0.00129654147499223
2	3.5	21.8918918918919	0.0336295199308898	3.81998070985856	0.00134514582360021
2	3.5	21.951951951952	0.0342465753424656	3.82063055699638	0.00137041423889112
2	3.5	22.012012012012	0.0342465753424656	3.82063055699638	0.00137041423889112
2	3.5	22.0720720720721	0.0342465753424656	3.82063055699638	0.00137041423889112
2	3.5	22.1321321321321	0.0342465753424656	3.82063055699638	0.00137041423889112
2	3.5	22.1921921921922	0.0342465753424656	3.82063055699638	0.00137041423889112
2	3.5	22.2522522522523	0.0342465753424656	3.82063055699638	0.00137041423889112
2	3.5	22.3123123123123	0.0342465753424656	3.82063055699638	0.00137041423889112
2	3.5	22.3723723723724	0.0342465753424656	3.82063055699638	0.00137041423889112
2	3.5	22.4324324324324	0.0342465753424656	3.82063055699638	0.00137041423889112
2	3.5	22.4924924924925	0.0342465753424656	3.82063055699638	0.00137041423889112
2	3.5	22.5525525525526	0.0321668700664134	3.81844144081854	0.00128533642954115
2	3.5	22.6126126126126	0.0297900640366393	3.81594345077975	0.00118840379971073
2	3.5	22.6726726726727	0.0296803652968036	3.81582825807447	0.00118393766852326
2	3.5	22.7327327327327	0.0296803652968036	3.81582825807447	0.00118393766852326
2	3.5	22.7927927927928	0.0296803652968036	3.81582825807447	0.00118393766852326
2	3.5	22.8528528528529	0.0298129179407717	3.81596745036006	0.00118933432890938
2	3.5	22.9129129129129	0.0310013209556588	3.8172159515222	0.00123776236465908
2	3.5	22.972972972973	0.0319634703196347	3.81822750969064	0.00127702876528591
2	3.5	23.033033033033	0.0319634703196347	3.81822750969064	0.00127702876528591
2	3.5	23.0930930930931	0.0319634703196347	3.81822750969064	0.00127702876528591
2	3.5	23.1531531531532	0.0319634703196347	3.81822750969064	0.00127702876528591
2	3.5	23.2132132132132	0.0311361589900404	3.81735767324459	0.00124326211035257
2	3.5	23.2732732732733	0.0287593529602662	3.81486146389201	0.00114646745782674
2	3.5	23.3333333333333	0.0273972602739726	3.81343279176303	0.00109113973973772
2	3.5	23.3933933933934	0.0273972602739726	3.81343279176303	0.00109113973973772
2	3.5	23.4534534534535	0.0273972602739726	3.81343279176303	0.00109113973973772
2	3.5	23.5135135135135	0.0273972602739726	3.81343279176303	0.00109113973973772
2	3.5	23.5735735735736	0.0260077429027202	3.81197673887063	0.00103480511688569
2	3.5	23.6336336336336	0.023630936872946	3.80948935688491	0.000938693191719091
2	3.5	23.6936936936937	0.0228310502283105	3.80865317371351	0.000906418581527421
2	3.5	23.7537537537538	0.0228310502283105	3.80865317371351	0.000906418581527421
2	3.5	23.8138138138138	0.0228310502283105	3.80865317371351	0.000906418581527421
2	3.5	23.8738738738739	0.0228310502283105	3.80865317371351	0.000906418581527421
2	3.5	23.9339339339339	0.0238069119347657	3.80967337907024	0.000945798381086084
2	3.5	23.993993993994	0.0249953149496527	3.81091671113646	0.000993826622810387
2	3.5	24.0540540540541	0.0251141552511414	3.81104110041121	0.000998633776249721
2	3.5	24.1141141141141	0.0251141552511414	3.81104110041121	0.000998633776249721
2	3.5	24.1741741741742	0.0251141552511414	3.81104110041121	0.000998633776249721
2	3.5	24.2342342342342	0.0251141552511414	3.81104110041121	0.000998633776249721
2	3.5	24.2942942942943	0.0251141552511414	3.81104110041121	0.000998633776249721
2	3.5	24.3543543543544	0.0251141552511414	3.81104110041121	0.000998633776249721
2	3.5	24.4144144144144	0.0251141552511414	3.81104110041121	0.000998633776249721
2	3.5	24.4744744744745	0.0251141552511414	3.81104110041121	0.000998633776249721
2	3.5	24.5345345345345	0.0251141552511414	3.81104110041121	0.000998633776249721
2	3.5	24.5945945945946	0.0251141552511414	3.81104110041121	0.000998633776249721
2	3.5	24.6546546546547	0.0251141552511414	3.81104110041121	0.000998633776249721
2	3.5	24.7147147147147	0.0251141552511414	3.81104110041121	0.000998633776249721
2	3.5	24.7747747747748	0.0251141552511414	3.81104110041121	0.000998633776249721
2	3.5	24.8348348348348	0.0251141552511414	3.81104110041121	0.000998633776249721
2	3.5	24.8948948948949	0.0251141552511414	3.81104110041121	0.000998633776249721
2	3.5	24.954954954955	0.0251141552511414	3.81104110041121	0.000998633776249721
2	3.5	25.015015015015	0.0251141552511414	3.81104110041121	0.000998633776249721
2	3.5	25.0750750750751	0.024389686490143	3.81028296264367	0.00096934086059606
2	3.5	25.1351351351351	0.023201283475256	3.80904014975413	0.000921352693766869
2	3.5	25.1951951951952	0.0228310502283105	3.80865317371351	0.000906418581527421
2	3.5	25.2552552552553	0.0228310502283105	3.80865317371351	0.000906418581527421
2	3.5	25.3153153153153	0.0228310502283105	3.80865317371351	0.000906418581527421
2	3.5	25.3753753753754	0.0228310502283105	3.80865317371351	0.000906418581527421
2	3.5	25.4354354354354	0.0218254784464831	3.80760262577787	0.00086589520909925
2	3.5	25.4954954954955	0.0206370754315961	3.80636200690225	0.000818076235651081
2	3.5	25.5555555555556	0.0205479452054795	3.80626900140378	0.000814492965148809
2	3.5	25.6156156156156	0.0205433744246531	3.80626423204486	0.000814309219535575
2	3.5	25.6756756756757	0.019354971409766	3.80502470765824	0.000766574551187573
2	3.5	25.7357357357357	0.0182648401826483	3.80388857325504	0.000722855742764094
2	3.5	25.7957957957958	0.0182648401826483	3.80388857325504	0.000722855742764094
2	3.5	25.8558558558559	0.0182648401826483	3.80388857325504	0.000722855742764094
2	3.5	25.9159159159159	0.0182648401826483	3.80388857325504	0.000722855742764094
2	3.5	25.975975975976	0.0182648401826483	3.80388857325504	0.000722855742764094
2	3.5	26.036036036036	0.0182648401826483	3.80388857325504	0.000722855742764094
2	3.5	26.0960960960961	0.0182648401826483	3.80388857325504	0.000722855742764094
2	3.5	26.1561561561562	0.0182648401826483	3.80388857325504	0.000722855742764094
2	3.5	26.2162162162162	0.0182648401826483	3.80388857325504	0.000722855742764094
2	3.5	26.2762762762763	0.0182648401826483	3.80388857325504	0.000722855742764094
2	3.5	26.3363363363363	0.018831617005133	3.80447916155917	0.000745577676803156
2	3.5	26.3963963963964	0.0200200200200201	3.80571823965705	0.000793277987528705
2	3.5	26.4564564564565	0.0205479452054795	3.80626900140378	0.000814492965148809
2	3.5	26.5165165165165	0.0205479452054795	3.80626900140378	0.000814492965148809
2	3.5	26.5765765765766	0.0205479452054795	3.80626900140378	0.000814492965148809
2	3.5	26.6366366366366	0.0205479452054795	3.80626900140378	0.000814492965148809
2	3.5	26.6966966966967	0.0205479452054795	3.80626900140378	0.000814492965148809
2	3.5	26.7567567567568	0.0205479452054795	3.80626900140378	0.000814492965148809
2	3.5	26.8168168168168	0.0205479452054795	3.80626900140378	0.000814492965148809
2	3.5	26.8768768768769	0.0205479452054795	3.80626900140378	0.000814492965148809
2	3.5	26.9369369369369	0.0205479452054795	3.80626900140378	0.000814492965148809
2	3.5	26.996996996997	0.0205479452054795	3.80626900140378	0.000814492965148809
2	3.5	27.0570570570571	0.0205479452054795	3.80626900140378	0.000814492965148809
2	3.5	27.1171171171171	0.0205136643492808	3.80623323157766	0.000813114901223547
2	3.5	27.1771771771772	0.0193252613343937	3.80499373253368	0.000765382184171804
2	3.5	27.2372372372372	0.0181368583195067	3.8037552464585	0.000717727433779866
2	3.5	27.2972972972973	0.0169484553046197	3.80251777191693	0.000670150484120419
2	3.5	27.3573573573574	0.0159817351598174	3.80151187907934	0.000631505736058395
2	3.5	27.4174174174174	0.0159817351598174	3.80151187907934	0.000631505736058395
2	3.5	27.4774774774775	0.0159817351598174	3.80151187907934	0.000631505736058395
2	3.5	27.5375375375375	0.0159817351598174	3.80151187907934	0.000631505736058395
2	3.5	27.5975975975976	0.0159817351598174	3.80151187907934	0.000631505736058395
2	3.5	27.6576576576577	0.0159817351598174	3.80151187907934	0.000631505736058395
2	3.5	27.7177177177177	0.0159817351598174	3.80151187907934	0.000631505736058395
2	3.5	27.7777777777778	0.0159817351598174	3.80151187907934	0.000631505736058395
2	3.5	27.8378378378378	0.0159817351598174	3.80151187907934	0.000631505736058395
2	3.5	27.8978978978979	0.0159817351598174	3.80151187907934	0.000631505736058395
2	3.5	27.957957957958	0.0159817351598174	3.80151187907934	0.000631505736058395
2	3.5	28.018018018018	0.0159817351598174	3.80151187907934	0.000631505736058395
2	3.5	28.0780780780781	0.0159817351598174	3.80151187907934	0.000631505736058395
2	3.5	28.1381381381381	0.0159817351598174	3.80151187907934	0.000631505736058395
2	3.5	28.1981981981982	0.0159817351598174	3.80151187907934	0.000631505736058395
2	3.5	28.2582582582583	0.0159817351598174	3.80151187907934	0.000631505736058395
2	3.5	28.3183183183183	0.0159817351598174	3.80151187907934	0.000631505736058395
2	3.5	28.3783783783784	0.0159817351598174	3.80151187907934	0.000631505736058395
2	3.5	28.4384384384384	0.0154492391935314	3.80095809092814	0.000610241059073007
2	3.5	28.4984984984985	0.0148550376860879	3.80034036888126	0.000586530585999054
2	3.5	28.5585585585586	0.0142608361786443	3.79972289873059	0.000562839449118171
2	3.5	28.6186186186186	NaN	NaN	NaN
2	3.5	28.6786786786787	NaN	NaN	NaN
2	3.5	28.7387387387387	NaN	NaN	NaN
2	3.5	28.7987987987988	NaN	NaN	NaN
2	3.5	28.8588588588589	NaN	NaN	NaN
2	3.5	28.9189189189189	NaN	NaN	NaN
2	3.5	28.978978978979	NaN	NaN	NaN
2	3.5	29.039039039039	NaN	NaN	NaN
2	3.5	29.0990990990991	NaN	NaN	NaN
2	3.5	29.1591591591592	NaN	NaN	NaN
2	3.5	29.2192192192192	NaN	NaN	NaN
2	3.5	29.2792792792793	NaN	NaN	NaN
2	3.5	29.3393393393393	NaN	NaN	NaN
2	3.5	29.3993993993994	NaN	NaN	NaN
2	3.5	29.4594594594595	NaN	NaN	NaN
2	3.5	29.5195195195195	NaN	NaN	NaN
2	3.5	29.5795795795796	NaN	NaN	NaN
2	3.5	29.6396396396396	NaN	NaN	NaN
2	3.5	29.6996996996997	NaN	NaN	NaN
2	3.5	29.7597597597598	NaN	NaN	NaN
2	3.5	29.8198198198198	NaN	NaN	NaN
2	3.5	29.8798798798799	NaN	NaN	NaN
2	3.5	29.9399399399399	NaN	NaN	NaN
2	3.5	30	NaN	NaN	NaN
3	3.5	-30	0.0182648401826483	3.80388857325504	0.000722855742764094
3	3.5	-29.9399399399399	0.0182648401826483	3.80388857325504	0.000722855742764094
3	3.5	-29.8798798798799	0.0182648401826483	3.80388857325504	0.000722855742764094
3	3.5	-29.8198198198198	0.0182648401826483	3.80388857325504	0.000722855742764094
3	3.5	-29.7597597597598	0.0182648401826483	3.80388857325504	0.000722855742764094
3	3.5	-29.6996996996997	0.0182648401826483	3.80388857325504	0.000722855742764094
3	3.5	-29.6396396396396	0.0182648401826483	3.80388857325504	0.000722855742764094
3	3.5	-29.5795795795796	0.0182648401826483	3.80388857325504	0.000722855742764094
3	3.5	-29.5195195195195	0.0182648401826483	3.80388857325504	0.000722855742764094
3	3.5	-29.4594594594595	0.0182648401826483	3.80388857325504	0.000722855742764094
3	3.5	-29.3993993993994	0.0182648401826483	3.80388857325504	0.000722855742764094
3	3.5	-29.3393393393393	0.0182648401826483	3.80388857325504	0.000722855742764094
3	3.5	-29.2792792792793	0.0182648401826483	3.80388857325504	0.000722855742764094
3	3.5	-29.2192192192192	0.0182648401826483	3.80388857325504	0.000722855742764094
3	3.5	-29.1591591591592	0.0182648401826483	3.80388857325504	0.000722855742764094
3	3.5	-29.0990990990991	0.0182648401826483	3.80388857325504	0.000722855742764094
3	3.5	-29.039039039039	0.0182648401826483	3.80388857325504	0.000722855742764094
3	3.5	-28.978978978979	0.0182648401826483	3.80388857325504	0.000722855742764094
3	3.5	-28.9189189189189	0.0182648401826483	3.80388857325504	0.000722855742764094
3	3.5	-28.8588588588589	0.0182648401826483	3.80388857325504	0.000722855742764094
3	3.5	-28.7987987987988	0.0182648401826483	3.80388857325504	0.000722855742764094
3	3.5	-28.7387387387387	0.0182648401826483	3.80388857325504	0.000722855742764094
3	3.5	-28.6786786786787	0.0182648401826483	3.80388857325504	0.000722855742764094
3	3.5	-28.6186186186186	0.0182648401826483	3.80388857325504	0.000722855742764094
3	3.5	-28.5585585585586	0.0182648401826483	3.80388857325504	0.000722855742764094
3	3.5	-28.4984984984985	0.0182648401826483	3.80388857325504	0.000722855742764094
3	3.5	-28.4384384384384	0.0182648401826483	3.80388857325504	0.000722855742764094
3	3.5	-28.3783783783784	0.0182648401826483	3.80388857325504	0.000722855742764094
3	3.5	-28.3183183183183	0.0182648401826483	3.80388857325504	0.000722855742764094
3	3.5	-28.2582582582583	0.0182648401826483	3.80388857325504	0.000722855742764094
3	3.5	-28.1981981981982	0.0182648401826483	3.80388857325504	0.000722855742764094
3	3.5	-28.1381381381381	0.0182648401826483	3.80388857325504	0.000722855742764094
3	3.5	-28.0780780780781	0.0182648401826483	3.80388857325504	0.000722855742764094
3	3.5	-28.018018018018	0.0186693542857926	3.80431005832459	0.000739070797596233
3	3.5	-27.957957957958	0.0198577573006797	3.80554899811008	0.000786760462505635
3	3.5	-27.8978978978979	0.0205479452054795	3.80626900140378	0.000814492965148809
3	3.5	-27.8378378378378	0.0205479452054795	3.80626900140378	0.000814492965148809
3	3.5	-27.7777777777778	0.0205479452054795	3.80626900140378	0.000814492965148809
3	3.5	-27.7177177177177	0.0205479452054795	3.80626900140378	0.000814492965148809
3	3.5	-27.6576576576577	0.0205479452054795	3.80626900140378	0.000814492965148809
3	3.5	-27.5975975975976	0.0205479452054795	3.80626900140378	0.000814492965148809
3	3.5	-27.5375375375375	0.0205479452054795	3.80626900140378	0.000814492965148809
3	3.5	-27.4774774774775	0.0205479452054795	3.80626900140378	0.000814492965148809
3	3.5	-27.4174174174174	0.0205479452054795	3.80626900140378	0.000814492965148809
3	3.5	-27.3573573573574	0.0205479452054795	3.80626900140378	0.000814492965148809
3	3.5	-27.2972972972973	0.0205479452054795	3.80626900140378	0.000814492965148809
3	3.5	-27.2372372372372	0.0205479452054795	3.80626900140378	0.000814492965148809
3	3.5	-27.1771771771772	0.0205479452054795	3.80626900140378	0.000814492965148809
3	3.5	-27.1171171171171	0.0205479452054795	3.80626900140378	0.000814492965148809
3	3.5	-27.0570570570571	0.0205479452054795	3.80626900140378	0.000814492965148809
3	3.5	-26.996996996997	0.0205479452054795	3.80626900140378	0.000814492965148809
3	3.5	-26.9369369369369	0.0205479452054795	3.80626900140378	0.000814492965148809
3	3.5	-26.8768768768769	0.0205479452054795	3.80626900140378	0.000814492965148809
3	3.5	-26.8168168168168	0.0205479452054795	3.80626900140378	0.000814492965148809
3	3.5	-26.7567567567568	0.0205479452054795	3.80626900140378	0.000814492965148809
3	3.5	-26.6966966966967	0.0205479452054795	3.80626900140378	0.000814492965148809
3	3.5	-26.6366366366366	0.0205479452054795	3.80626900140378	0.000814492965148809
3	3.5	-26.5765765765766	0.0205479452054795	3.80626900140378	0.000814492965148809
3	3.5	-26.5165165165165	0.0209821693839959	3.80672215894303	0.000831954070594856
3	3.5	-26.4564564564565	0.0221705723988829	3.8079630727001	0.000879795768938592
3	3.5	-26.3963963963964	0.0228310502283105	3.80865317371351	0.000906418581527421
3	3.5	-26.3363363363363	0.0228310502283105	3.80865317371351	0.000906418581527421
3	3.5	-26.2762762762763	0.0234526764207129	3.80930296756353	0.0009314974836894
3	3.5	-26.2162162162162	0.0246410794355999	3.81054599591472	0.000979502280086441
3	3.5	-26.1561561561562	0.0251141552511414	3.81104110041121	0.000998633776249721
3	3.5	-26.0960960960961	0.0251141552511414	3.81104110041121	0.000998633776249721
3	3.5	-26.036036036036	0.0251141552511414	3.81104110041121	0.000998633776249721
3	3.5	-25.975975975976	0.0251141552511414	3.81104110041121	0.000998633776249721
3	3.5	-25.9159159159159	0.0251141552511414	3.81104110041121	0.000998633776249721
3	3.5	-25.8558558558559	0.0251141552511414	3.81104110041121	0.000998633776249721
3	3.5	-25.7957957957958	0.026110585471316	3.81208445807938	0.00103897092029241
3	3.5	-25.7357357357357	0.027298988486203	3.81332976841722	0.00108715199708401
3	3.5	-25.6756756756757	0.02848739150109	3.81457610142766	0.00113541216533452
3	3.5	-25.6156156156156	0.0296757945159771	3.81582345856807	0.00118375159441244
3	3.5	-25.5555555555556	0.0320480297649247	3.81831644369137	0.0012804822295407
3	3.5	-25.4954954954955	0.0344248357946989	3.82081834236488	0.00137771802204979
3	3.5	-25.4354354354354	0.0368016418244729	3.82332436686172	0.00147527427032928
3	3.5	-25.3753753753754	0.0389956166211874	3.82564129243081	0.00156561181220218
3	3.5	-25.3153153153153	0.0401840196360744	3.82689776912131	0.00161465953150118
3	3.5	-25.2552552552553	0.0424785516109719	3.82932667557971	0.00170958855140971
3	3.5	-25.1951951951952	0.0484205666854072	3.83563474508527	0.00195683228216117
3	3.5	-25.1351351351351	0.0539923485128965	3.84157359512218	0.00219053667928135
3	3.5	-25.0750750750751	0.0587459605724448	3.84665872064093	0.00239136523912297
3	3.5	-25.015015015015	0.0616438356164384	3.84976702368475	0.00251444995682366
3	3.5	-24.954954954955	0.0616438356164384	3.84976702368475	0.00251444995682366
3	3.5	-24.8948948948949	0.063874376659765	3.85216385046022	0.00260953099651064
3	3.5	-24.8348348348348	0.068627988719313	3.85728441848722	0.00281315766696769
3	3.5	-24.7747747747748	0.0720789282433119	3.86101252504157	0.00296183672708134
3	3.5	-24.7147147147147	0.0744557342730859	3.86358551975947	0.00306465866670036
3	3.5	-24.6546546546547	0.0768325403028602	3.86616284572738	0.00316782530317664
3	3.5	-24.5945945945946	0.0792093463326342	3.86874451558944	0.0032713381466214
3	3.5	-24.5345345345345	0.0824248906440688	3.87224415332104	0.00341193280201283
3	3.5	-24.4744744744745	0.0859900996887298	3.8761337085908	0.00356856460340566
3	3.5	-24.4144144144144	0.0895553087333911	3.88003314834114	0.00372598863863384
3	3.5	-24.3543543543544	0.0931205177780521	3.88394251614751	0.00388421014870656
3	3.5	-24.2942942942943	0.0946334462316197	3.88560450261363	0.00395159516816358
3	3.5	-24.2342342342342	0.0958218492465067	3.8869112519329	0.00400462763729469
3	3.5	-24.1741741741742	0.0981300935638833	3.88945253926123	0.00410788933731163
3	3.5	-24.1141141141141	0.100532038888203	3.8921014534684	0.00421570346843813
3	3.5	-24.0540540540541	0.104097247932864	3.89604166472307	0.00437641365295331
3	3.5	-23.993993993994	0.107305936073059	3.89959649643371	0.00452175317019985
3	3.5	-23.9339339339339	0.107305936073059	3.89959649643371	0.00452175317019985
3	3.5	-23.8738738738739	0.107518477381491	3.89983225599731	0.00453140389249041
3	3.5	-23.8138138138138	0.108706880396378	3.90115114663543	0.00458541895390045
3	3.5	-23.7537537537538	0.11020152572664	3.90281150924971	0.00465348366635833
3	3.5	-23.6936936936937	0.112578331756414	3.90545552948402	0.004762021251767
3	3.5	-23.6336336336336	0.115755024430823	3.90899645622038	0.00490766384695541
3	3.5	-23.5735735735736	0.120508636490372	3.91431032890384	0.00512684677980495
3	3.5	-23.5135135135135	0.123287671232877	3.91742539001855	0.00525567933272923
3	3.5	-23.4534534534535	0.123287671232877	3.91742539001855	0.00525567933272923
3	3.5	-23.3933933933934	0.124462361905284	3.91874400851923	0.00531029151621132
3	3.5	-23.3333333333333	0.126839167935058	3.92141547525141	0.00542107371324763
3	3.5	-23.2732732732733	0.129215973964832	3.92409156434259	0.00553223589418876
3	3.5	-23.2132132132132	0.131592779994607	3.92677228964404	0.00564377976475803
3	3.5	-23.1531531531532	0.133194838674291	3.92858182426624	0.00571918082873028
3	3.5	-23.0930930930931	0.134383241689178	3.92992549977998	0.00577522598880299
3	3.5	-23.033033033033	0.136440093061098	3.93225384996478	0.0058724550611447
3	3.5	-22.972972972973	0.138816899090872	3.93494875230245	0.00598516961812663
3	3.5	-22.9129129129129	0.14023155575667	3.93655496429915	0.00605244085762636
3	3.5	-22.8528528528529	0.141419958771557	3.937905573218	0.00610905973538085
3	3.5	-22.7927927927928	0.141552511415525	3.93805629099211	0.00611538096714079
3	3.5	-22.7327327327327	0.141552511415525	3.93805629099211	0.00611538096714079
3	3.5	-22.6726726726727	0.141552511415525	3.93805629099211	0.00611538096714079
3	3.5	-22.6126126126126	0.141607360785443	3.93811866125157	0.00611799700467317
3	3.5	-22.5525525525526	0.14279576380033	3.93947063300892	0.00617472895104708
3	3.5	-22.4924924924925	0.143835616438356	3.94065457548093	0.0062244497093273
3	3.5	-22.4324324324324	0.143835616438356	3.94065457548093	0.0062244497093273
3	3.5	-22.3723723723724	0.14407786782216	3.94093052482818	0.00623604378825811
3	3.5	-22.3123123123123	0.145266270837047	3.94228494978534	0.00629297951216833
3	3.5	-22.2522522522523	0.146454673851934	3.94364055756314	0.0063500136014826
3	3.5	-22.1921921921922	0.147643076866821	3.94499734994855	0.00640714627860112
3	3.5	-22.1321321321321	0.148401826484018	3.9458642301318	0.00644367496418931
3	3.5	-22.0720720720721	0.148401826484018	3.9458642301318	0.00644367496418931
3	3.5	-22.012012012012	0.149448535293284	3.94706090162921	0.00649413316266149
3	3.5	-21.951951951952	0.151825341323058	3.94978166182005	0.00660899660341246
3	3.5	-21.8918918918919	0.15296803652968	3.95109141694466	0.0066643611136473
3	3.5	-21.8318318318318	0.15296803652968	3.95109141694466	0.0066643611136473
3	3.5	-21.7717717717718	0.154389549366718	3.95272229392416	0.00673336339889693
3	3.5	-21.7117117117117	0.156766355396493	3.9554529883764	0.00684905708930411
3	3.5	-21.6516516516517	0.157534246575343	3.95633623816246	0.00688652091921626
3	3.5	-21.5915915915916	0.157534246575343	3.95633623816246	0.00688652091921626
3	3.5	-21.5315315315315	0.157534246575343	3.95633623816246	0.00688652091921626
3	3.5	-21.4714714714715	0.157534246575343	3.95633623816246	0.00688652091921626
3	3.5	-21.4114114114114	0.159517965454038	3.95862028973082	0.00698349721310049
3	3.5	-21.3513513513514	0.161894771483813	3.96136136172033	0.00710006096645326
3	3.5	-21.2912912912913	0.163186017067296	3.96285252674299	0.00716355660576546
3	3.5	-21.2312312312312	0.164374420082183	3.96422618889039	0.00722210125423798
3	3.5	-21.1711711711712	0.167921346003538	3.96833325633461	0.0073974420607882
3	3.5	-21.1111111111111	0.171232876712329	3.97217754328649	0.00756197199405864
3	3.5	-21.0510510510511	0.171232876712329	3.97217754328649	0.00756197199405864
3	3.5	-20.990990990991	0.171589397616795	3.97259198636098	0.0075797331300698
3	3.5	-20.9309309309309	0.173966203646569	3.97535775623351	0.00769837892943329
3	3.5	-20.8708708708709	0.176071048217167	3.97781115566393	0.00780379589639279
3	3.5	-20.8108108108108	0.177259451232054	3.97919805816892	0.0078634591898868
3	3.5	-20.7507507507508	0.178082191780822	3.98015894319558	0.007904825794474
3	3.5	-20.6906906906907	0.178082191780822	3.98015894319558	0.007904825794474
3	3.5	-20.6306306306306	0.178541555253884	3.98069569450804	0.00792794398366415
3	3.5	-20.5705705705706	0.179729958268771	3.98208516085398	0.00798782494905673
3	3.5	-20.5105105105105	0.180365296803653	3.98282849793257	0.00801988132374101
3	3.5	-20.4504504504505	0.180365296803653	3.98282849793257	0.00801988132374101
3	3.5	-20.3903903903904	0.180365296803653	3.98282849793257	0.00801988132374101
3	3.5	-20.3303303303303	0.180365296803653	3.98282849793257	0.00801988132374101
3	3.5	-20.2702702702703	0.181846229791435	3.98456254181382	0.00809471945472884
3	3.5	-20.2102102102102	0.184223035821209	3.98734960071286	0.00821517273206865
3	3.5	-20.1501501501502	0.187434009351818	3.99112271134049	0.0083785741358155
3	3.5	-20.0900900900901	0.190999218396479	3.99532275352385	0.00856091446389348
3	3.5	-20.03003003003	0.193636558933363	3.99843696961507	0.00869642115439658
3	3.5	-19.96996996997	0.196013364963137	4.00124885242156	0.00881899695432792
3	3.5	-19.9099099099099	0.19736860147819	4.00285442625347	0.00888908279597449
3	3.5	-19.8498498498498	0.198557004493078	4.00426370288882	0.00895065722540332
3	3.5	-19.7897897897898	0.204206489594617	4.0109805465563	0.00924486749565067
3	3.5	-19.7297297297297	0.210086799127895	4.0180024605119	0.00955374396681268
3	3.5	-19.6696696696697	0.212463605157669	4.0208496223235	0.00967936379778526
3	3.5	-19.6096096096096	0.214726141666781	4.02356469539343	0.00979936036875843
3	3.5	-19.5495495495495	0.215914544681668	4.02499267222648	0.00986255208577377
3	3.5	-19.4894894894895	0.217518888751765	4.0269224970868	0.00994803981037622
3	3.5	-19.4294294294294	0.221084097796426	4.03121947830849	0.0101387515357903
3	3.5	-19.3693693693694	0.225252649910184	4.03625853791757	0.0103630381689218
3	3.5	-19.3093093093093	0.231194664984619	4.04346933663567	0.0106851906255477
3	3.5	-19.2492492492492	0.237136680059054	4.05071319672805	0.0110102482999551
3	3.5	-19.1891891891892	0.243078695133489	4.05799038053292	0.011338245643962
3	3.5	-19.1291291291291	0.247553489562622	4.06349281731136	0.011587214514305
3	3.5	-19.0690690690691	0.249930295592396	4.06642324525164	0.0117201465608168
3	3.5	-19.009009009009	0.254055425288302	4.07152211385057	0.0119520070757308
3	3.5	-18.9489489489489	0.259997440362737	4.0788956434646	0.0122885678430914
3	3.5	-18.8888888888889	0.264586504312532	4.08461377863563	0.0125506003031443
3	3.5	-18.8288288288288	0.268151713357193	4.08907038189468	0.0127554490133874
3	3.5	-18.7687687687688	0.271716922401854	4.09353949202207	0.0129614238066472
3	3.5	-18.7087087087087	0.275282131446515	4.09802116962571	0.0131685328225809
3	3.5	-18.6486486486486	0.27798346291497	4.10142530822648	0.0133262180287992
3	3.5	-18.5885885885886	0.280360268944744	4.1044265064236	0.0134655049356793
3	3.5	-18.5285285285285	0.290397703639713	4.1171633453702	0.0140594115787629
3	3.5	-18.4684684684685	0.302281733788583	4.13237562028289	0.014774668478862
3	3.5	-18.4084084084084	0.306806806806807	4.13820613371016	0.0150505245081875
3	3.5	-18.3483483483483	0.310372015851468	4.14281482663688	0.0152692471373565
3	3.5	-18.2882882882883	0.313937224896129	4.14743677140807	0.0154891971587698
3	3.5	-18.2282282282282	0.317552712529882	4.15213749838441	0.0157135118229686
3	3.5	-18.1681681681682	0.32230632458943	4.15833893136849	0.016010389886495
3	3.5	-18.1081081081081	0.32777983462915	4.16550920287074	0.0163549995538234
3	3.5	-18.048048048048	0.338475461763133	4.17961301276999	0.0170370794818209
3	3.5	-17.987987987988	0.347745005279252	4.19193658685656	0.0176376791928579
3	3.5	-17.9279279279279	0.351310214323914	4.19670149122141	0.017871057779789
3	3.5	-17.8678678678679	0.355869568198334	4.20281553141678	0.0181714623294865
3	3.5	-17.8078078078078	0.362999986287657	4.21242371273562	0.0186457014714436
3	3.5	-17.7477477477477	0.371830734844435	4.22440226298583	0.019240634981839
3	3.5	-17.6876876876877	0.383714764993305	4.24066262247975	0.0200548206519872
3	3.5	-17.6276276276276	0.391967309775529	4.25205012790366	0.0206295479151034
3	3.5	-17.5675675675676	0.39553251882019	4.25699428474895	0.0208802457327975
3	3.5	-17.5075075075075	0.402772635649349	4.2670808329729	0.0213938879827977
3	3.5	-17.4474474474474	0.41346826278333	4.28209566479666	0.0221639668502163
3	3.5	-17.3873873873874	0.422751518641929	4.29523970711536	0.022843488052925
3	3.5	-17.3273273273273	0.431070339746137	4.30710783141173	0.0234613859632004
3	3.5	-17.2672672672673	0.440988934139618	4.32137050564588	0.0242094196062686
3	3.5	-17.2072072072072	0.451684561273602	4.33688929405626	0.0250301365369835
3	3.5	-17.1471471471471	0.459699425452851	4.34861417662378	0.0256549309100557
3	3.5	-17.0870870870871	0.466829843542173	4.3591150550671	0.0262179603412758
3	3.5	-17.027027027027	0.477909416265581	4.37556403560497	0.0271065046002503
3	3.5	-16.966966966967	0.489793446414451	4.39338894564869	0.0280784956927945
3	3.5	-16.9069069069069	0.499515497232392	4.40811323956771	0.0288885962881127
3	3.5	-16.8468468468468	0.50902272135149	4.42263788288902	0.0296941078855728
3	3.5	-16.7867867867868	0.522054017487807	4.4427517862021	0.0308201225738173
3	3.5	-16.7267267267267	0.534966473322638	4.4629208713031	0.0319615657576834
3	3.5	-16.6666666666667	0.545662100456622	4.47981064862056	0.0329269726075313
3	3.5	-16.6066066066066	0.557399865619044	4.49854091093121	0.0340078092276724
3	3.5	-16.5465465465465	0.575225910842347	4.52738478833866	0.0356934075999587
3	3.5	-16.4864864864865	0.590912830638857	4.55317462669117	0.0372223827114706
3	3.5	-16.4264264264264	0.599231651743069	4.56700929959756	0.0380511337816893
3	3.5	-16.3663663663664	0.608994839588448	4.58338853856946	0.0390400675939678
3	3.5	-16.3063063063063	0.622067272752204	4.60556469203045	0.0403924558421947
3	3.5	-16.2462462462462	0.634684913223726	4.62724083765184	0.0417293803800658
3	3.5	-16.1861861861862	0.646568943372596	4.64790578068975	0.0430178425628577
3	3.5	-16.1261261261261	0.659001467220647	4.66978856170355	0.0443971104817947
3	3.5	-16.0660660660661	0.672073900384403	4.6930951756359	0.0458830353207693
3	3.5	-16.006006006006	0.681935360017552	4.71088295688521	0.0470289012194513
3	3.5	-15.9459459459459	0.689065778106875	4.72385684566643	0.047871130756061
3	3.5	-15.8858858858859	0.699875674761521	4.74370824045444	0.0491704324555515
3	3.5	-15.8258258258258	0.712948107925277	4.76801402241345	0.0507788222448738
3	3.5	-15.7657657657658	0.72767973452905	4.79580672890922	0.0526417514814942
3	3.5	-15.7057057057057	0.743128973722581	4.82542285761931	0.0546550253702633
3	3.5	-15.6456456456456	0.75396172428136	4.84648310624941	0.0561044382238784
3	3.5	-15.5855855855856	0.763468948400455	4.86517038926166	0.0574029633828591
3	3.5	-15.5255255255255	0.770942175051766	4.87999586582726	0.058441488402166
3	3.5	-15.4654654654655	0.778072593141085	4.89425471025664	0.0594473119852824
3	3.5	-15.4054054054054	0.790756509934591	4.91989747828752	0.0612734813591682
3	3.5	-15.3453453453453	0.803732956700994	4.94650827883962	0.0631922453905411
3	3.5	-15.2852852852853	0.809674971775427	4.95882328184941	0.0640884095551344
3	3.5	-15.2252252252252	0.8157266855897	4.97145073043201	0.0650127150305699
3	3.5	-15.1651651651652	0.822857103679022	4.9864405441695	0.066117065936516
3	3.5	-15.1051051051051	0.829987521768345	5.00155262525451	0.0672382784862202
3	3.5	-15.045045045045	0.837117939857664	5.01678867732399	0.0683766984737795
3	3.5	-14.984984984985	0.844248357946987	5.03215043736607	0.0695326807010614
3	3.5	-14.9249249249249	0.85137877603631	5.04763967656123	0.0707065892636686
3	3.5	-14.8648648648649	0.856945987082972	5.05982298216492	0.0716358435169641
3	3.5	-14.8048048048048	0.859322793112748	5.06504861451111	0.0720360121524737
3	3.5	-14.7447447447447	0.862668604677737	5.07242944293341	0.0726028560255008
3	3.5	-14.6846846846847	0.867422216737284	5.08296597443401	0.0734153783177204
3	3.5	-14.6246246246246	0.871597625022284	5.09226981965464	0.0741360968807899
3	3.5	-14.5645645645646	0.875162834066942	5.10025050529772	0.0747567544208296
3	3.5	-14.5045045045045	0.878728043111604	5.10826508419588	0.0753823167576282
3	3.5	-14.4444444444444	0.882293252156265	5.11631380122121	0.0760128359113612
3	3.5	-14.3843843843844	0.884327249624052	5.12092108615982	0.0763747960283269
3	3.5	-14.3243243243243	0.885515652638941	5.1236181812667	0.0765870369205866
3	3.5	-14.2642642642643	0.887563362449208	5.12827451094074	0.0769540638368009
3	3.5	-14.2042042042042	0.88994016847898	5.13369356005001	0.077382182994455
3	3.5	-14.1441441441441	0.892316974508755	5.13912813111487	0.0778125799261816
3	3.5	-14.0840840840841	0.894693780538531	5.14457829966731	0.078245270889856
3	3.5	-14.024024024024	0.896023877759039	5.14763513275599	0.0784884186099667
3	3.5	-13.963963963964	0.897212280773924	5.15037048673304	0.0787062783987611
3	3.5	-13.9039039039039	0.897260273972603	5.15048103562927	0.0787150887949393
3	3.5	-13.8438438438438	0.897351689589133	5.15069162272827	0.0787318731282917
3	3.5	-13.7837837837838	0.899728495618908	5.15617508275289	0.0791694778320891
3	3.5	-13.7237237237237	0.901965892833472	5.16135138565807	0.0795835583759597
3	3.5	-13.6636636636637	0.903154295848361	5.16410652950811	0.0798043490686316
3	3.5	-13.6036036036036	0.904575808685399	5.16740734320534	0.080069227131142
3	3.5	-13.5435435435435	0.906952614715171	5.17293917788985	0.0805140138099524
3	3.5	-13.4834834834835	0.909002609915851	5.17772329315476	0.0808995673182725
3	3.5	-13.4234234234234	0.91019101293074	5.18050218855819	0.0811238976026256
3	3.5	-13.3633633633634	0.910958904109591	5.18229993345566	0.0812691712485582
3	3.5	-13.3033033033033	0.910958904109591	5.18229993345566	0.0812691712485582
3	3.5	-13.2432432432432	0.911987329795549	5.18471027813649	0.0814641310666488
3	3.5	-13.1831831831832	0.914364135825324	5.19029249879914	0.0819164511075175
3	3.5	-13.1231231231231	0.915525114155251	5.19302512783532	0.0821382823416643
3	3.5	-13.0630630630631	0.915525114155251	5.19302512783532	0.0821382823416643
3	3.5	-13.003003003003	0.916226729012117	5.19467843145436	0.0822726262564089
3	3.5	-12.9429429429429	0.917415132027003	5.19748207417112	0.0825006699507815
3	3.5	-12.8828828828829	0.918603535041892	5.20028982371833	0.0827293323933638
3	3.5	-12.8228228228228	0.919791938056778	5.20310169029826	0.0829586158364244
3	3.5	-12.7627627627628	0.920980341071664	5.20591768414866	0.083188522542613
3	3.5	-12.7027027027027	0.922168744086554	5.20873781554283	0.0834190547850165
3	3.5	-12.6426426426426	0.922374429223743	5.20922633599275	0.0834590182660671
3	3.5	-12.5825825825826	0.922374429223743	5.20922633599275	0.0834590182660671
3	3.5	-12.5225225225225	0.922374429223743	5.20922633599275	0.0834590182660671
3	3.5	-12.4624624624625	0.922374429223743	5.20922633599275	0.0834590182660671
3	3.5	-12.4024024024024	0.922374429223743	5.20922633599275	0.0834590182660671
3	3.5	-12.3423423423423	0.922374429223743	5.20922633599275	0.0834590182660671
3	3.5	-12.2822822822823	0.922374429223743	5.20922633599275	0.0834590182660671
3	3.5	-12.2222222222222	0.922374429223743	5.20922633599275	0.0834590182660671
3	3.5	-12.1621621621622	0.922374429223743	5.20922633599275	0.0834590182660671
3	3.5	-12.1021021021021	0.922374429223743	5.20922633599275	0.0834590182660671
3	3.5	-12.042042042042	0.922374429223743	5.20922633599275	0.0834590182660671
3	3.5	-11.981981981982	0.922374429223743	5.20922633599275	0.0834590182660671
3	3.5	-11.9219219219219	0.922374429223743	5.20922633599275	0.0834590182660671
3	3.5	-11.8618618618619	0.922374429223743	5.20922633599275	0.0834590182660671
3	3.5	-11.8018018018018	0.922374429223743	5.20922633599275	0.0834590182660671
3	3.5	-11.7417417417417	0.922374429223743	5.20922633599275	0.0834590182660671
3	3.5	-11.6816816816817	0.922374429223743	5.20922633599275	0.0834590182660671
3	3.5	-11.6216216216216	0.922374429223743	5.20922633599275	0.0834590182660671
3	3.5	-11.5615615615616	0.922374429223743	5.20922633599275	0.0834590182660671
3	3.5	-11.5015015015015	0.922374429223743	5.20922633599275	0.0834590182660671
3	3.5	-11.4414414414414	0.922374429223743	5.20922633599275	0.0834590182660671
3	3.5	-11.3813813813814	0.922374429223743	5.20922633599275	0.0834590182660671
3	3.5	-11.3213213213213	0.922374429223743	5.20922633599275	0.0834590182660671
3	3.5	-11.2612612612613	0.922374429223743	5.20922633599275	0.0834590182660671
3	3.5	-11.2012012012012	0.922374429223743	5.20922633599275	0.0834590182660671
3	3.5	-11.1411411411411	0.922374429223743	5.20922633599275	0.0834590182660671
3	3.5	-11.0810810810811	0.922374429223743	5.20922633599275	0.0834590182660671
3	3.5	-11.021021021021	0.924586687143764	5.21448851427051	0.0838900398407256
3	3.5	-10.960960960961	0.926940639269407	5.22010359881919	0.0843510754143042
3	3.5	-10.9009009009009	0.926940639269407	5.22010359881919	0.0843510754143042
3	3.5	-10.8408408408408	0.926940639269407	5.22010359881919	0.0843510754143042
3	3.5	-10.7807807807808	0.926940639269407	5.22010359881919	0.0843510754143042
3	3.5	-10.7207207207207	0.92713946823536	5.22057863437524	0.0843901314840818
3	3.5	-10.6606606606607	0.928327871250246	5.22342037535649	0.0846239425114031
3	3.5	-10.6006006006006	0.929516274265132	5.22626631819778	0.0848583933640389
3	3.5	-10.5405405405405	0.930704677280022	5.22911647343267	0.0850934863917804
3	3.5	-10.4804804804805	0.931506849315067	5.2310427148617	0.0852525384046373
3	3.5	-10.4204204204204	0.931506849315067	5.2310427148617	0.0852525384046373
3	3.5	-10.3603603603604	0.931506849315067	5.2310427148617	0.0852525384046373
3	3.5	-10.3003003003003	0.931506849315067	5.2310427148617	0.0852525384046373
3	3.5	-10.2402402402402	0.932080482308794	5.2324213512831	0.085366456944267
3	3.5	-10.1801801801802	0.93326888532368	5.23528063162594	0.085602943644911
3	3.5	-10.1201201201201	0.933789954337899	5.2365356544193	0.0857068387021166
3	3.5	-10.0600600600601	0.933789954337899	5.2365356544193	0.0857068387021166
3	3.5	-10	0.933789954337899	5.2365356544193	0.0857068387021166
3	3.5	-9.93993993993994	0.933789954337899	5.2365356544193	0.0857068387021166
3	3.5	-9.87987987987988	0.933789954337899	5.2365356544193	0.0857068387021166
3	3.5	-9.81981981981982	0.933789954337899	5.2365356544193	0.0857068387021166
3	3.5	-9.75975975975976	0.933789954337899	5.2365356544193	0.0857068387021166
3	3.5	-9.6996996996997	0.933789954337899	5.2365356544193	0.0857068387021166
3	3.5	-9.63963963963964	0.933789954337899	5.2365356544193	0.0857068387021166
3	3.5	-9.57957957957958	0.933789954337899	5.2365356544193	0.0857068387021166
3	3.5	-9.51951951951952	0.934925793373284	5.23927421723899	0.0859337455346112
3	3.5	-9.45945945945946	0.93611419638817	5.24214368108937	0.0861717916889482
3	3.5	-9.3993993993994	0.937302599403056	5.24501741649052	0.0864104932646865
3	3.5	-9.33933933933934	0.938356164383563	5.24756867418413	0.0866226614338564
3	3.5	-9.27927927927928	0.938356164383563	5.24756867418413	0.0866226614338564
3	3.5	-9.21921921921922	0.938356164383563	5.24756867418413	0.0866226614338564
3	3.5	-9.15915915915916	0.938356164383563	5.24756867418413	0.0866226614338564
3	3.5	-9.0990990990991	0.938356164383563	5.24756867418413	0.0866226614338564
3	3.5	-9.03903903903904	0.938356164383563	5.24756867418413	0.0866226614338564
3	3.5	-8.97897897897898	0.937940223328351	5.24656105057533	0.0865388368533784
3	3.5	-8.91891891891892	0.936751820313464	5.24368501888243	0.0862997826209963
3	3.5	-8.85885885885886	0.936073059360731	5.242044282185	0.0861635406925249
3	3.5	-8.7987987987988	0.936073059360731	5.242044282185	0.0861635406925249
3	3.5	-8.73873873873874	0.936073059360731	5.242044282185	0.0861635406925249
3	3.5	-8.67867867867868	0.936073059360731	5.242044282185	0.0861635406925249
3	3.5	-8.61861861861862	0.936073059360731	5.242044282185	0.0861635406925249
3	3.5	-8.55855855855856	0.936073059360731	5.242044282185	0.0861635406925249
3	3.5	-8.4984984984985	0.936073059360731	5.242044282185	0.0861635406925249
3	3.5	-8.43843843843844	0.936073059360731	5.242044282185	0.0861635406925249
3	3.5	-8.37837837837838	0.936073059360731	5.242044282185	0.0861635406925249
3	3.5	-8.31831831831832	0.936073059360731	5.242044282185	0.0861635406925249
3	3.5	-8.25825825825826	0.936073059360731	5.242044282185	0.0861635406925249
3	3.5	-8.1981981981982	0.936073059360731	5.242044282185	0.0861635406925249
3	3.5	-8.13813813813814	0.936073059360731	5.242044282185	0.0861635406925249
3	3.5	-8.07807807807808	0.936073059360731	5.242044282185	0.0861635406925249
3	3.5	-8.01801801801802	0.936073059360731	5.242044282185	0.0861635406925249
3	3.5	-7.95795795795796	0.936143906463542	5.24221547237008	0.0861777512303293
3	3.5	-7.8978978978979	0.937332309478428	5.24508931469793	0.0864164692225938
3	3.5	-7.83783783783784	0.938356164383563	5.24756867418413	0.0866226614338564
3	3.5	-7.77777777777778	0.938356164383563	5.24756867418413	0.0866226614338564
3	3.5	-7.71771771771772	0.938356164383563	5.24756867418413	0.0866226614338564
3	3.5	-7.65765765765766	0.938356164383563	5.24756867418413	0.0866226614338564
3	3.5	-7.5975975975976	0.938356164383563	5.24756867418413	0.0866226614338564
3	3.5	-7.53753753753754	0.938356164383563	5.24756867418413	0.0866226614338564
3	3.5	-7.47747747747748	0.937910513252978	5.24648909756649	0.0865328524743344
3	3.5	-7.41741741741742	0.936722110238092	5.24361317293827	0.0862938146894976
3	3.5	-7.35735735735736	0.935533707223206	5.24074152536961	0.0860554335638579
3	3.5	-7.2972972972973	0.934345304208317	5.23787414410065	0.085817706680417
3	3.5	-7.23723723723724	0.933789954337899	5.2365356544193	0.0857068387021166
3	3.5	-7.17717717717718	0.933789954337899	5.2365356544193	0.0857068387021166
3	3.5	-7.11711711711712	0.933789954337899	5.2365356544193	0.0857068387021166
3	3.5	-7.05705705705706	0.933789954337899	5.2365356544193	0.0857068387021166
3	3.5	-6.996996996997	0.934610409496255	5.23851342153845	0.0858706814912264
3	3.5	-6.93693693693694	0.935798812511141	5.24138175358994	0.0861085541121323
3	3.5	-6.87687687687688	0.936073059360731	5.242044282185	0.0861635406925249
3	3.5	-6.81681681681682	0.936073059360731	5.242044282185	0.0861635406925249
3	3.5	-6.75675675675676	0.939096630877454	5.24936376705995	0.0867720877570719
3	3.5	-6.6966966966967	0.942661839922116	5.25803021531621	0.0874951535153334
3	3.5	-6.63663663663664	0.942922374429223	5.25866505756475	0.0875482281706866
3	3.5	-6.57657657657658	0.942922374429223	5.25866505756475	0.0875482281706866
3	3.5	-6.51651651651652	0.942922374429223	5.25866505756475	0.0875482281706866
3	3.5	-6.45645645645646	0.942922374429223	5.25866505756475	0.0875482281706866
3	3.5	-6.3963963963964	0.942922374429223	5.25866505756475	0.0875482281706866
3	3.5	-6.33633633633634	0.942922374429223	5.25866505756475	0.0875482281706866
3	3.5	-6.27627627627628	0.942922374429223	5.25866505756475	0.0875482281706866
3	3.5	-6.21621621621622	0.942634415237157	5.25796340192837	0.0874895685801356
3	3.5	-6.15615615615616	0.941446012222267	5.25507036884781	0.0872478964525686
3	3.5	-6.0960960960961	0.940639269406392	5.25310890695726	0.0870842181376532
3	3.5	-6.03603603603604	0.940639269406392	5.25310890695726	0.0870842181376532
3	3.5	-5.97597597597598	0.940639269406392	5.25310890695726	0.0870842181376532
3	3.5	-5.91591591591592	0.940639269406392	5.25310890695726	0.0870842181376532
3	3.5	-5.85585585585586	0.941208331619292	5.25449228100622	0.0871996420715191
3	3.5	-5.7957957957958	0.942396734634178	5.25738444917068	0.0874411807257075
3	3.5	-5.73573573573574	0.942922374429223	5.25866505756475	0.0875482281706866
3	3.5	-5.67567567567568	0.942922374429223	5.25866505756475	0.0875482281706866
3	3.5	-5.61561561561562	0.942922374429223	5.25866505756475	0.0875482281706866
3	3.5	-5.55555555555556	0.942922374429223	5.25866505756475	0.0875482281706866
3	3.5	-5.4954954954955	0.942922374429223	5.25866505756475	0.0875482281706866
3	3.5	-5.43543543543544	0.942922374429223	5.25866505756475	0.0875482281706866
3	3.5	-5.37537537537538	0.945753973151233	5.26557824893244	0.0881271466027788
3	3.5	-5.31531531531532	0.949319182195895	5.2743177313192	0.0888615086149898
3	3.5	-5.25525525525526	0.949771689497716	5.27542979488811	0.0889551542771804
3	3.5	-5.1951951951952	0.949771689497716	5.27542979488811	0.0889551542771804
3	3.5	-5.13513513513514	0.949771689497716	5.27542979488811	0.0889551542771804
3	3.5	-5.07507507507508	0.949771689497716	5.27542979488811	0.0889551542771804
3	3.5	-5.01501501501502	0.949771689497716	5.27542979488811	0.0889551542771804
3	3.5	-4.95495495495495	0.949771689497716	5.27542979488811	0.0889551542771804
3	3.5	-4.89489489489489	0.949771689497716	5.27542979488811	0.0889551542771804
3	3.5	-4.83483483483483	0.949771689497716	5.27542979488811	0.0889551542771804
3	3.5	-4.77477477477477	0.949771689497716	5.27542979488811	0.0889551542771804
3	3.5	-4.71471471471471	0.949771689497716	5.27542979488811	0.0889551542771804
3	3.5	-4.65465465465465	0.949771689497716	5.27542979488811	0.0889551542771804
3	3.5	-4.59459459459459	0.949771689497716	5.27542979488811	0.0889551542771804
3	3.5	-4.53453453453453	0.949771689497716	5.27542979488811	0.0889551542771804
3	3.5	-4.47447447447447	0.949771689497716	5.27542979488811	0.0889551542771804
3	3.5	-4.41441441441441	0.949771689497716	5.27542979488811	0.0889551542771804
3	3.5	-4.35435435435435	0.949771689497716	5.27542979488811	0.0889551542771804
3	3.5	-4.29429429429429	0.949771689497716	5.27542979488811	0.0889551542771804
3	3.5	-4.23423423423423	0.949771689497716	5.27542979488811	0.0889551542771804
3	3.5	-4.17417417417417	0.949771689497716	5.27542979488811	0.0889551542771804
3	3.5	-4.11411411411411	0.949771689497716	5.27542979488811	0.0889551542771804
3	3.5	-4.05405405405405	0.949771689497716	5.27542979488811	0.0889551542771804
3	3.5	-3.99399399399399	0.950651564806816	5.27759396652367	0.0891375270629601
3	3.5	-3.93393393393393	0.951839967821705	5.28052083849469	0.0893844457612154
3	3.5	-3.87387387387387	0.953028370836591	5.28345212777144	0.0896320528747229
3	3.5	-3.81381381381381	0.954216773851477	5.28638784564931	0.0898803509813715
3	3.5	-3.75375375375375	0.954337899543379	5.28668731218523	0.0899056971933954
3	3.5	-3.69369369369369	0.954337899543379	5.28668731218523	0.0899056971933954
3	3.5	-3.63363363363363	0.954337899543379	5.28668731218523	0.0899056971933954
3	3.5	-3.57357357357357	0.954337899543379	5.28668731218523	0.0899056971933954
3	3.5	-3.51351351351351	0.954337899543379	5.28668731218523	0.0899056971933954
3	3.5	-3.45345345345345	0.954657854201232	5.28747857778697	0.0899726841254968
3	3.5	-3.39339339339339	0.957034660231007	5.29336665054676	0.090471880835268
3	3.5	-3.33333333333333	0.95890410958904	5.29801039550584	0.0908664838228982
3	3.5	-3.27327327327327	0.95890410958904	5.29801039550584	0.0908664838228982
3	3.5	-3.21321321321321	0.95890410958904	5.29801039550584	0.0908664838228982
3	3.5	-3.15315315315315	0.95890410958904	5.29801039550584	0.0908664838228982
3	3.5	-3.09309309309309	0.95890410958904	5.29801039550584	0.0908664838228982
3	3.5	-3.03303303303303	0.95890410958904	5.29801039550584	0.0908664838228982
3	3.5	-2.97297297297297	0.95890410958904	5.29801039550584	0.0908664838228982
3	3.5	-2.91291291291291	0.95890410958904	5.29801039550584	0.0908664838228982
3	3.5	-2.85285285285285	0.95890410958904	5.29801039550584	0.0908664838228982
3	3.5	-2.79279279279279	0.95890410958904	5.29801039550584	0.0908664838228982
3	3.5	-2.73273273273273	0.958181926218455	5.29621516622227	0.0907138395884472
3	3.5	-2.67267267267267	0.956993523203569	5.29326458990907	0.0904632171489729
3	3.5	-2.61261261261261	0.956621004566211	5.29234061774767	0.0903848008138208
3	3.5	-2.55255255255255	0.956621004566211	5.29234061774767	0.0903848008138208
3	3.5	-2.49249249249249	0.956621004566211	5.29234061774767	0.0903848008138208
3	3.5	-2.43243243243243	0.956621004566211	5.29234061774767	0.0903848008138208
3	3.5	-2.37237237237237	0.956621004566211	5.29234061774767	0.0903848008138208
3	3.5	-2.31231231231231	0.956621004566211	5.29234061774767	0.0903848008138208
3	3.5	-2.25225225225225	0.957717991964567	5.29506277440307	0.0906159170192156
3	3.5	-2.19219219219219	0.95890410958904	5.29801039550584	0.0908664838228982
3	3.5	-2.13213213213213	0.95890410958904	5.29801039550584	0.0908664838228982
3	3.5	-2.07207207207207	0.959000095986397	5.29824912657214	0.0908867915389664
3	3.5	-2.01201201201201	0.960188499001286	5.30120727059518	0.0911386013456393
3	3.5	-1.95195195195195	0.961187214611872	5.3036967268451	0.0913507648923261
3	3.5	-1.89189189189189	0.961187214611872	5.3036967268451	0.0913507648923261
3	3.5	-1.83183183183183	0.961187214611872	5.3036967268451	0.0913507648923261
3	3.5	-1.77177177177177	0.961187214611872	5.3036967268451	0.0913507648923261
3	3.5	-1.71171171171171	0.961187214611872	5.3036967268451	0.0913507648923261
3	3.5	-1.65165165165165	0.961187214611872	5.3036967268451	0.0913507648923261
3	3.5	-1.59159159159159	0.961187214611872	5.3036967268451	0.0913507648923261
3	3.5	-1.53153153153153	0.961187214611872	5.3036967268451	0.0913507648923261
3	3.5	-1.47147147147147	0.961187214611872	5.3036967268451	0.0913507648923261
3	3.5	-1.41141141141141	0.961187214611872	5.3036967268451	0.0913507648923261
3	3.5	-1.35135135135135	0.961187214611872	5.3036967268451	0.0913507648923261
3	3.5	-1.29129129129129	0.961187214611872	5.3036967268451	0.0913507648923261
3	3.5	-1.23123123123123	0.961939108057829	5.30557303991539	0.0915108247484436
3	3.5	-1.17117117117117	0.963127511072715	5.30854232775265	0.0917643873501755
3	3.5	-1.11111111111111	0.963470319634704	5.309399693713	0.0918376628651523
3	3.5	-1.05105105105105	0.963470319634704	5.309399693713	0.0918376628651523
3	3.5	-0.990990990990991	0.965348910554389	5.31410475870144	0.0922402695374404
3	3.5	-0.930930930930931	0.967725716584165	5.32007393063865	0.0927522242218399
3	3.5	-0.870870870870871	0.968036529680364	5.32085586466628	0.092819385761438
3	3.5	-0.810810810810811	0.968036529680364	5.32085586466628	0.092819385761438
3	3.5	-0.750750750750751	0.968036529680364	5.32085586466628	0.092819385761438
3	3.5	-0.690690690690691	0.968036529680364	5.32085586466628	0.092819385761438
3	3.5	-0.630630630630631	0.968036529680364	5.32085586466628	0.092819385761438
3	3.5	-0.570570570570571	0.968036529680364	5.32085586466628	0.092819385761438
3	3.5	-0.510510510510511	0.968036529680364	5.32085586466628	0.092819385761438
3	3.5	-0.45045045045045	0.968036529680364	5.32085586466628	0.092819385761438
3	3.5	-0.39039039039039	0.968036529680364	5.32085586466628	0.092819385761438
3	3.5	-0.33033033033033	0.968036529680364	5.32085586466628	0.092819385761438
3	3.5	-0.27027027027027	0.968036529680364	5.32085586466628	0.092819385761438
3	3.5	-0.21021021021021	0.968443329173923	5.32187975115935	0.0929073632626866
3	3.5	-0.15015015015015	0.969631732188809	5.32487395508968	0.0931648635577212
3	3.5	-0.0900900900900901	0.970319634703196	5.32660923550322	0.0933142492450718
3	3.5	-0.03003003003003	0.970319634703196	5.32660923550322	0.0933142492450718
3	3.5	0.03003003003003	0.970319634703196	5.32660923550322	0.0933142492450718
3	3.5	0.0900900900900901	0.970319634703196	5.32660923550322	0.0933142492450718
3	3.5	0.15015015015015	0.971007537217582	5.32834605640434	0.0934638795016756
3	3.5	0.21021021021021	0.972195940232472	5.33135018057642	0.0937229547464935
3	3.5	0.27027027027027	0.972602739726028	5.33237957538216	0.0938118067563986
3	3.5	0.33033033033033	0.972602739726028	5.33237957538216	0.0938118067563986
3	3.5	0.39039039039039	0.973478044254301	5.33459634556496	0.0940032805996619
3	3.5	0.45045045045045	0.974666447269187	5.33761008017734	0.0942638855004321
3	3.5	0.510510510510511	0.97488584474886	5.33816696913776	0.0943120780243878
3	3.5	0.570570570570571	0.97488584474886	5.33816696913776	0.0943120780243878
3	3.5	0.630630630630631	0.97488584474886	5.33816696913776	0.0943120780243878
3	3.5	0.690690690690691	0.97488584474886	5.33816696913776	0.0943120780243878
3	3.5	0.750750750750751	0.97604225229796	5.34110485546465	0.0945665103899933
3	3.5	0.810810810810811	0.977168949771688	5.34397150219768	0.0948150829612057
3	3.5	0.870870870870871	0.977168949771688	5.34397150219768	0.0948150829612057
3	3.5	0.930930930930931	0.977168949771688	5.34397150219768	0.0948150829612057
3	3.5	0.990990990990991	0.977168949771688	5.34397150219768	0.0948150829612057
3	3.5	1.05105105105105	0.977667164881778	5.34524044363689	0.0949252131296022
3	3.5	1.11111111111111	0.98004397091155	5.35130542780798	0.09545241629776
3	3.5	1.17117117117117	0.981735159817352	5.35563233093786	0.0958293744184177
3	3.5	1.23123123123123	0.981735159817352	5.35563233093786	0.0958293744184177
3	3.5	1.29129129129129	0.981735159817352	5.35563233093786	0.0958293744184177
3	3.5	1.35135135135135	0.981735159817352	5.35563233093786	0.0958293744184177
3	3.5	1.41141141141141	0.981735159817352	5.35563233093786	0.0958293744184177
3	3.5	1.47147147147147	0.981735159817352	5.35563233093786	0.0958293744184177
3	3.5	1.53153153153153	0.981735159817352	5.35563233093786	0.0958293744184177
3	3.5	1.59159159159159	0.981735159817352	5.35563233093786	0.0958293744184177
3	3.5	1.65165165165165	0.983170384996869	5.3593118388429	0.0961504818820014
3	3.5	1.71171171171171	0.985547191026645	5.36542047145434	0.0966846946589512
3	3.5	1.77177177177177	0.986301369863015	5.3673627570866	0.0968548441685579
3	3.5	1.83183183183183	0.986301369863015	5.3673627570866	0.0968548441685579
3	3.5	1.89189189189189	0.986301369863015	5.3673627570866	0.0968548441685579
3	3.5	1.95195195195195	0.986301369863015	5.3673627570866	0.0968548441685579
3	3.5	2.01201201201201	0.985302654252426	5.36479111124943	0.0966295912818778
3	3.5	2.07207207207207	0.98411425123754	5.36173540085879	0.0963622604617812
3	3.5	2.13213213213213	0.984018264840184	5.36148880048636	0.0963407016978738
3	3.5	2.19219219219219	0.984018264840184	5.36148880048636	0.0963407016978738
3	3.5	2.25225225225225	0.984018264840184	5.36148880048636	0.0963407016978738
3	3.5	2.31231231231231	0.983926849223653	5.36125397172503	0.0963201741679294
3	3.5	2.37237237237237	0.982738446208767	5.35820374646242	0.0960537263835361
3	3.5	2.43243243243243	0.981920276440825	5.35610653046423	0.0958707290050649
3	3.5	2.49249249249249	0.983108679455711	5.35915350169627	0.0961366535189487
3	3.5	2.55255255255255	0.984018264840184	5.36148880048636	0.0963407016978738
3	3.5	2.61261261261261	0.984018264840184	5.36148880048636	0.0963407016978738
3	3.5	2.67267267267267	0.984390783477541	5.36244601764193	0.0964243980654838
3	3.5	2.73273273273273	0.98557918649243	5.36550283253843	0.096691906847122
3	3.5	2.79279279279279	0.986301369863015	5.3673627570866	0.0968548441685579
3	3.5	2.85285285285285	0.986301369863015	5.3673627570866	0.0968548441685579
3	3.5	2.91291291291291	0.986301369863015	5.3673627570866	0.0968548441685579
3	3.5	2.97297297297297	0.986301369863015	5.3673627570866	0.0968548441685579
3	3.5	3.03303303303303	0.986301369863015	5.3673627570866	0.0968548441685579
3	3.5	3.09309309309309	0.986301369863015	5.3673627570866	0.0968548441685579
3	3.5	3.15315315315315	0.986301369863015	5.3673627570866	0.0968548441685579
3	3.5	3.21321321321321	0.986301369863015	5.3673627570866	0.0968548441685579
3	3.5	3.27327327327327	0.987142393535087	5.3695309617724	0.0970449516536182
3	3.5	3.33333333333333	0.988330796549976	5.37259880383928	0.0973142399273492
3	3.5	3.39339339339339	0.988584474885844	5.37325428921195	0.0973718226901836
3	3.5	3.45345345345345	0.988584474885844	5.37325428921195	0.0973718226901836
3	3.5	3.51351351351351	0.988584474885844	5.37325428921195	0.0973718226901836
3	3.5	3.57357357357357	0.988584474885844	5.37325428921195	0.0973718226901836
3	3.5	3.63363363363363	0.988584474885844	5.37325428921195	0.0973718226901836
3	3.5	3.69369369369369	0.988584474885844	5.37325428921195	0.0973718226901836
3	3.5	3.75375375375375	0.988584474885844	5.37325428921195	0.0973718226901836
3	3.5	3.81381381381381	0.988584474885844	5.37325428921195	0.0973718226901836
3	3.5	3.87387387387387	0.988584474885844	5.37325428921195	0.0973718226901836
3	3.5	3.93393393393393	0.989014128283536	5.37436497819358	0.0974694307300016
3	3.5	3.99399399399399	0.991390934313308	5.38052054468598	0.0980112245909462
3	3.5	4.05405405405405	0.993150684931508	5.38509043706579	0.0984143723074571
3	3.5	4.11411411411411	0.993150684931508	5.38509043706579	0.0984143723074571
3	3.5	4.17417417417417	0.993150684931508	5.38509043706579	0.0984143723074571
3	3.5	4.23423423423423	0.993150684931508	5.38509043706579	0.0984143723074571
3	3.5	4.29429429429429	0.993150684931508	5.38509043706579	0.0984143723074571
3	3.5	4.35435435435435	0.993150684931508	5.38509043706579	0.0984143723074571
3	3.5	4.41441441441441	0.993740315658124	5.38662401686107	0.0985498378009309
3	3.5	4.47447447447447	0.99492871867301	5.38971857609572	0.0988234582874433
3	3.5	4.53453453453453	0.99543378995434	5.39103523289247	0.098939986111613
3	3.5	4.59459459459459	0.99543378995434	5.39103523289247	0.098939986111613
3	3.5	4.65465465465465	0.99543378995434	5.39103523289247	0.098939986111613
3	3.5	4.71471471471471	0.99543378995434	5.39103523289247	0.098939986111613
3	3.5	4.77477477477477	0.99543378995434	5.39103523289247	0.098939986111613
3	3.5	4.83483483483483	0.99543378995434	5.39103523289247	0.098939986111613
3	3.5	4.89489489489489	0.99543378995434	5.39103523289247	0.098939986111613
3	3.5	4.95495495495495	0.99543378995434	5.39103523289247	0.098939986111613
3	3.5	5.01501501501502	0.99543378995434	5.39103523289247	0.098939986111613
3	3.5	5.07507507507508	0.99543378995434	5.39103523289247	0.098939986111613
3	3.5	5.13513513513514	0.99543378995434	5.39103523289247	0.098939986111613
3	3.5	5.1951951951952	0.99543378995434	5.39103523289247	0.098939986111613
3	3.5	5.25525525525526	0.99543378995434	5.39103523289247	0.098939986111613
3	3.5	5.31531531531532	0.995584625721611	5.39142861277882	0.0989748139901486
3	3.5	5.37537537537538	0.996773028736501	5.39453071064948	0.0992496621856105
3	3.5	5.43543543543544	0.997716894977168	5.39699796445215	0.0994685213882949
3	3.5	5.4954954954955	0.997716894977168	5.39699796445215	0.0994685213882949
3	3.5	5.55555555555556	0.997716894977168	5.39699796445215	0.0994685213882949
3	3.5	5.61561561561562	0.997716894977168	5.39699796445215	0.0994685213882949
3	3.5	5.67567567567568	0.997716894977168	5.39699796445215	0.0994685213882949
3	3.5	5.73573573573574	0.997716894977168	5.39699796445215	0.0994685213882949
3	3.5	5.7957957957958	0.997716894977168	5.39699796445215	0.0994685213882949
3	3.5	5.85585585585586	0.997716894977168	5.39699796445215	0.0994685213882949
3	3.5	5.91591591591592	0.997716894977168	5.39699796445215	0.0994685213882949
3	3.5	5.97597597597598	0.997716894977168	5.39699796445215	0.0994685213882949
3	3.5	6.03603603603604	0.997716894977168	5.39699796445215	0.0994685213882949
3	3.5	6.0960960960961	0.997716894977168	5.39699796445215	0.0994685213882949
3	3.5	6.15615615615616	0.997716894977168	5.39699796445215	0.0994685213882949
3	3.5	6.21621621621622	0.997716894977168	5.39699796445215	0.0994685213882949
3	3.5	6.27627627627628	0.998617338799987	5.39935458424916	0.0996777808490393
3	3.5	6.33633633633634	0.999805741814873	5.40246914605416	0.0999546639873288
3	3.5	6.3963963963964	1	5.40297872340426	0.1
3	3.5	6.45645645645646	1	5.40297872340426	0.1
3	3.5	6.51651651651652	1	5.40297872340426	0.1
3	3.5	6.57657657657658	1	5.40297872340426	0.1
3	3.5	6.63663663663664	1	5.40297872340426	0.1
3	3.5	6.6966966966967	1	5.40297872340426	0.1
3	3.5	6.75675675675676	1	5.40297872340426	0.1
3	3.5	6.81681681681682	1	5.40297872340426	0.1
3	3.5	6.87687687687688	1	5.40297872340426	0.1
3	3.5	6.93693693693694	1	5.40297872340426	0.1
3	3.5	6.996996996997	1	5.40297872340426	0.1
3	3.5	7.05705705705706	1	5.40297872340426	0.1
3	3.5	7.11711711711712	1	5.40297872340426	0.1
3	3.5	7.17717717717718	1	5.40297872340426	0.1
3	3.5	7.23723723723724	1	5.40297872340426	0.1
3	3.5	7.2972972972973	1	5.40297872340426	0.1
3	3.5	7.35735735735736	1	5.40297872340426	0.1
3	3.5	7.41741741741742	1	5.40297872340426	0.1
3	3.5	7.47747747747748	1	5.40297872340426	0.1
3	3.5	7.53753753753754	1	5.40297872340426	0.1
3	3.5	7.5975975975976	1	5.40297872340426	0.1
3	3.5	7.65765765765766	1	5.40297872340426	0.1
3	3.5	7.71771771771772	1	5.40297872340426	0.1
3	3.5	7.77777777777778	1	5.40297872340426	0.1
3	3.5	7.83783783783784	1	5.40297872340426	0.1
3	3.5	7.8978978978979	1	5.40297872340426	0.1
3	3.5	7.95795795795796	1	5.40297872340426	0.1
3	3.5	8.01801801801802	1	5.40297872340426	0.1
3	3.5	8.07807807807808	1	5.40297872340426	0.1
3	3.5	8.13813813813814	1	5.40297872340426	0.1
3	3.5	8.1981981981982	1	5.40297872340426	0.1
3	3.5	8.25825825825826	1	5.40297872340426	0.1
3	3.5	8.31831831831832	0.999789744081981	5.40242718670507	0.0999509313896891
3	3.5	8.37837837837838	0.998601341067095	5.39931269087001	0.0996740590388722
3	3.5	8.43843843843844	0.997716894977168	5.39699796445215	0.0994685213882949
3	3.5	8.4984984984985	0.997716894977168	5.39699796445215	0.0994685213882949
3	3.5	8.55855855855856	0.997716894977168	5.39699796445215	0.0994685213882949
3	3.5	8.61861861861862	0.997716894977168	5.39699796445215	0.0994685213882949
3	3.5	8.67867867867868	0.997716894977168	5.39699796445215	0.0994685213882949
3	3.5	8.73873873873874	0.997716894977168	5.39699796445215	0.0994685213882949
3	3.5	8.7987987987988	0.997716894977168	5.39699796445215	0.0994685213882949
3	3.5	8.85885885885886	0.997716894977168	5.39699796445215	0.0994685213882949
3	3.5	8.91891891891892	0.997716894977168	5.39699796445215	0.0994685213882949
3	3.5	8.97897897897898	0.997716894977168	5.39699796445215	0.0994685213882949
3	3.5	9.03903903903904	0.997716894977168	5.39699796445215	0.0994685213882949
3	3.5	9.0990990990991	0.997716894977168	5.39699796445215	0.0994685213882949
3	3.5	9.15915915915916	0.997716894977168	5.39699796445215	0.0994685213882949
3	3.5	9.21921921921922	0.997716894977168	5.39699796445215	0.0994685213882949
3	3.5	9.27927927927928	0.997716894977168	5.39699796445215	0.0994685213882949
3	3.5	9.33933933933934	0.997716894977168	5.39699796445215	0.0994685213882949
3	3.5	9.3993993993994	0.997716894977168	5.39699796445215	0.0994685213882949
3	3.5	9.45945945945946	0.997716894977168	5.39699796445215	0.0994685213882949
3	3.5	9.51951951951952	0.997716894977168	5.39699796445215	0.0994685213882949
3	3.5	9.57957957957958	0.997716894977168	5.39699796445215	0.0994685213882949
3	3.5	9.63963963963964	0.997716894977168	5.39699796445215	0.0994685213882949
3	3.5	9.6996996996997	0.997570629990723	5.39661542815358	0.0994345732630307
3	3.5	9.75975975975976	0.996382226975834	5.3935100604586	0.0991591918322107
3	3.5	9.81981981981982	0.995193823960948	5.39040956258447	0.0988846044003861
3	3.5	9.87987987987988	0.994005420946062	5.3873139216361	0.0986108078943184
3	3.5	9.93993993993994	0.993150684931508	5.38509043706579	0.0984143723074571
3	3.5	10	0.993150684931508	5.38509043706579	0.0984143723074571
3	3.5	10.0600600600601	0.992295948916954	5.38286945353701	0.0982183431455556
3	3.5	10.1201201201201	0.989919142887178	5.37670656391176	0.0976753623087357
3	3.5	10.1801801801802	0.988584474885844	5.37325428921195	0.0973718226901836
3	3.5	10.2402402402402	0.988584474885844	5.37325428921195	0.0973718226901836
3	3.5	10.3003003003003	0.987354934843519	5.37007928284377	0.097093056162436
3	3.5	10.3603603603604	0.984978128813744	5.36395619619086	0.0965565135079739
3	3.5	10.4204204204204	0.983309793812078	5.35966961045139	0.0961817312902642
3	3.5	10.4804804804805	0.982121390797189	5.35662183989021	0.0959156782792628
3	3.5	10.5405405405405	0.979328643712208	5.34947812912656	0.0952934326173628
3	3.5	10.6006006006006	0.975763434667546	5.34039610845825	0.0945051007360185
3	3.5	10.6606606606607	0.973989971706867	5.33589400141454	0.0941154506090324
3	3.5	10.7207207207207	0.972801568691981	5.33288290350317	0.0938552657625277
3	3.5	10.7807807807808	0.972602739726028	5.33237957538216	0.0938118067563986
3	3.5	10.8408408408408	0.972602739726028	5.33237957538216	0.0938118067563986
3	3.5	10.9009009009009	0.968269639502516	5.32144252053299	0.0928697894411337
3	3.5	10.960960960961	0.963516027442969	5.30951403764578	0.0918474374224192
3	3.5	11.021021021021	0.959939391446241	5.30058682591714	0.0910857596759261
3	3.5	11.0810810810811	0.956456456456457	5.2919326224596	0.09035018479345
3	3.5	11.1411411411411	0.954079650426682	5.28604888259214	0.0898516658517211
3	3.5	11.2012012012012	0.951526869335089	5.27974929217484	0.0893193254928178
3	3.5	11.2612612612613	0.947961660290428	5.27098536007833	0.0885811652045148
3	3.5	11.3213213213213	0.94466612731453	5.26291941363566	0.0879042855262778
3	3.5	11.3813813813814	0.942289321284755	5.25712286387389	0.0874193219097787
3	3.5	11.4414414414414	0.939185761103568	5.24957995553244	0.0867900915644877
3	3.5	11.5015015015015	0.934432149044021	5.23808353924204	0.0858350569238921
3	3.5	11.5615615615616	0.930135615067121	5.22775116128596	0.0849808327223423
3	3.5	11.6216216216216	0.92657040602246	5.21921936231593	0.0842783978311119
3	3.5	11.6816816816817	0.922454417888207	5.20941634973479	0.0834745647013335
3	3.5	11.7417417417417	0.91770080582866	5.19815663862827	0.0825555803075801
3	3.5	11.8018018018018	0.91165823357604	5.18393863728837	0.0814016944055025
3	3.5	11.8618618618619	0.904527815486721	5.1672958077135	0.0800602704358976
3	3.5	11.9219219219219	0.89665921629392	5.14909700568502	0.0786048175305882
3	3.5	11.981981981982	0.888340395189711	5.13004442000358	0.077093776255001
3	3.5	12.042042042042	0.880853456195921	5.1130592325684	0.0757576031276924
3	3.5	12.1021021021021	0.873723038106598	5.0970234698305	0.074505516741534
3	3.5	12.1621621621622	0.865667036899914	5.0790686844595	0.0731143838876822
3	3.5	12.2222222222222	0.857348215795705	5.06070629707472	0.0717034187090751
3	3.5	12.2822822822823	0.849029394691497	5.04252197876136	0.0703177984652308
3	3.5	12.3423423423423	0.840710573587285	5.02451281830605	0.0689569179311053
3	3.5	12.4024024024024	0.831278767351827	5.00430247554274	0.0674431485344979
3	3.5	12.4624624624625	0.821716693862815	4.98403496494634	0.0659393167061955
3	3.5	12.5225225225225	0.808644260699055	4.95668119474898	0.0639321561115135
3	3.5	12.5825825825826	0.795347859274801	4.92926893790852	0.0619464521015035
3	3.5	12.6426426426426	0.779898620081269	4.89792425294422	0.0597072745446093
3	3.5	12.7027027027027	0.765477806573696	4.86914372116257	0.05768056985933
3	3.5	12.7627627627628	0.755970582454602	4.85041567527837	0.0563767285906567
3	3.5	12.8228228228228	0.74676274447964	4.83246005240124	0.0551376940112251
3	3.5	12.8828828828829	0.738443923375431	4.816390063625	0.0540378987202545
3	3.5	12.9429429429429	0.727766579364753	4.79597185454565	0.0526528959433401
3	3.5	13.003003003003	0.712317340171222	4.76683359484771	0.0507002619898383
3	3.5	13.0630630630631	0.696381312819671	4.73726688189117	0.0487474280366212
3	3.5	13.1231231231231	0.67974367061125	4.70691416625428	0.0467723491411919
3	3.5	13.1831831831832	0.668910920052471	4.68742762423521	0.0455200873430157
3	3.5	13.2432432432432	0.664157307992924	4.67894403059696	0.044978736322365
3	3.5	13.3033033033033	0.653335984386211	4.65978276588726	0.0437645435670988
3	3.5	13.3633633633634	0.637886745192683	4.63278445768333	0.0420736907391948
3	3.5	13.4234234234234	0.62550907071455	4.61145074188293	0.040754018291569
3	3.5	13.4834834834835	0.614813443580566	4.59322429127051	0.0396379763413124
3	3.5	13.5435435435435	0.603256224260791	4.5737423651162	0.0384566386826299
3	3.5	13.6036036036036	0.591372194111921	4.55393568813911	0.0372678177623498
3	3.5	13.6636636636637	0.581398750348523	4.53748706420013	0.0362898650380207
3	3.5	13.7237237237237	0.571891526229425	4.52195245906464	0.0353739821685369
3	3.5	13.7837837837838	0.557139331111933	4.49812293059311	0.0339835718219926
3	3.5	13.8438438438438	0.541690091918402	4.4735187399987	0.0325663116751612
3	3.5	13.9039039039039	0.533097023964602	4.45998592506904	0.0317946956704811
3	3.5	13.963963963964	0.52487418925775	4.44713641570329	0.0310672117128321
3	3.5	14.024024024024	0.518932174183317	4.43791134735164	0.0305480251301433
3	3.5	14.0840840840841	0.512139993875153	4.4274276652152	0.02996113763354
3	3.5	14.1441441441441	0.499067560711397	4.40743198641114	0.0288509712975228
3	3.5	14.2042042042042	0.486465917972768	4.38837883238032	0.0278043335520599
3	3.5	14.2642642642643	0.475770290838784	4.37237560571806	0.0269336412337882
3	3.5	14.3243243243243	0.466061952363323	4.35798100836515	0.0261569979955871
3	3.5	14.3843843843844	0.458931534274001	4.34748724974483	0.0255947024819284
3	3.5	14.4444444444444	0.452646710637579	4.3382924573652	0.0251046938607212
3	3.5	14.5045045045045	0.447893098578032	4.33137146933931	0.0247375101968521
3	3.5	14.5645645645646	0.440556995351516	4.32074682459648	0.0241765843912858
3	3.5	14.6246246246246	0.429861368217532	4.30537773774175	0.0233710540529921
3	3.5	14.6846846846847	0.420386139564223	4.29188063580617	0.0226693508466778
3	3.5	14.7447447447447	0.412067318460014	4.28012116070414	0.0220623241803314
3	3.5	14.8048048048048	0.407267998592199	4.27337485904721	0.0217158972645258
3	3.5	14.8648648648649	0.404891192562427	4.27004405328958	0.0215453462535378
3	3.5	14.9249249249249	0.396931177753096	4.25893799568544	0.0209789969932112
3	3.5	14.984984984985	0.386235550619112	4.24413259997357	0.0202295540080804
3	3.5	15.045045045045	0.378213830268626	4.23311581500232	0.0196759928848235
3	3.5	15.1051051051051	0.371083412179304	4.2233851317088	0.0191899578121524
3	3.5	15.1651651651652	0.367893007162413	4.21905000917913	0.0189742989329894
3	3.5	15.2252252252252	0.365516201132641	4.2158278879854	0.0188143572470159
3	3.5	15.2852852852853	0.35882457800266	4.20679049443571	0.0183673382176204
3	3.5	15.3453453453453	0.351694159913337	4.19721547062122	0.0178962704119691
3	3.5	15.4054054054054	0.344563741824015	4.18769661757951	0.0174305541288162
3	3.5	15.4654654654655	0.337433323734692	4.17823337098801	0.0169701096625401
3	3.5	15.5255255255255	0.330302905645371	4.16882517443164	0.0165148587910588
3	3.5	15.5855855855856	0.323686700399029	4.16014421278819	0.0160970167653486
3	3.5	15.6456456456456	0.320121491354368	4.15548569233059	0.0158736637417615
3	3.5	15.7057057057057	0.316291177021771	4.15049573530064	0.0156350977050276
3	3.5	15.7657657657658	0.311537564962222	4.14432438585657	0.0153410183951375
3	3.5	15.8258258258258	0.306425146607795	4.13771354974933	0.0150271823254998
3	3.5	15.8858858858859	0.30048313153336	4.13006400879994	0.014665563758907
3	3.5	15.9459459459459	0.294993623760747	4.12302928495975	0.0143344536063484
3	3.5	16.006006006006	0.290240011701199	4.11696245834466	0.0140500093764052
3	3.5	16.0660660660661	0.285486399641651	4.11091854570081	0.0137676588788008
3	3.5	16.1261261261261	0.280732787582103	4.1048973983635	0.0134873819193033
3	3.5	16.1861861861862	0.275979175522555	4.09889886901541	0.0132091585471718
3	3.5	16.2462462462462	0.271225563463007	4.09292281167091	0.0129329690516179
3	3.5	16.3063063063063	0.26720556172611	4.0878864512931	0.0127009758820602
3	3.5	16.3663663663664	0.263640352681449	4.0834331570399	0.0124964246595019
3	3.5	16.4264264264264	0.260075143636788	4.07899229354788	0.0122929893247617
3	3.5	16.4864864864865	0.256509934592126	4.07456380112966	0.0120906619025319
3	3.5	16.5465465465465	0.255707762557078	4.07356908915652	0.0120452901074424
3	3.5	16.6066066066066	0.255707762557078	4.07356908915652	0.0120452901074424
3	3.5	16.6666666666667	0.253678335870117	4.07105533142681	0.011930751396549
3	3.5	16.7267267267267	0.251301529840343	4.06811634280144	0.0117970574547896
3	3.5	16.7867867867868	0.250033138160992	4.06655016490753	0.01172590930186
3	3.5	16.8468468468468	0.248831022803626	4.06506724922369	0.0116586056561522
3	3.5	16.9069069069069	0.246454216773852	4.06213932391922	0.0115258959872198
3	3.5	16.966966966967	0.2441848240935	4.05934875663645	0.0113996309655762
3	3.5	17.027027027027	0.242996421078613	4.05788939082251	0.0113336839150617
3	3.5	17.0870870870871	0.241808018063726	4.05643136841038	0.0112678558287493
3	3.5	17.1471471471471	0.240619615048839	4.05497468726887	0.0112021464253243
3	3.5	17.2072072072072	0.23972602739726	4.05388025725343	0.0111528160101818
3	3.5	17.2672672672673	0.23972602739726	4.05388025725343	0.0111528160101818
3	3.5	17.3273273273273	0.238948994656757	4.05292919371923	0.0111099743197106
3	3.5	17.3873873873874	0.236572188626983	4.05002360165411	0.0109792419962091
3	3.5	17.4474474474474	0.234677599974404	4.04771132635955	0.0108753698635882
3	3.5	17.5075075075075	0.233489196959517	4.04626264835087	0.0108103666962827
3	3.5	17.5675675675676	0.23230079394463	4.04481529682623	0.0107454802658034
3	3.5	17.6276276276276	0.231112390929743	4.04336926969194	0.0106807102974129
3	3.5	17.6876876876877	0.229923987914856	4.04192456485891	0.0106160565171825
3	3.5	17.7477477477477	0.228735584899969	4.04048118024268	0.0105515186519901
3	3.5	17.8078078078078	0.227547181885082	4.03903911376337	0.0104870964295165
3	3.5	17.8678678678679	0.226358778870195	4.03759836334572	0.0104227895782433
3	3.5	17.9279279279279	0.226027397260274	4.03719685000721	0.0104048783941757
3	3.5	17.987987987988	0.226027397260274	4.03719685000721	0.0104048783941757
3	3.5	18.048048048048	0.225076674848364	4.03604548871806	0.0103535414422186
3	3.5	18.1081081081081	0.223888271833477	4.03460746756862	0.0102894735644686
3	3.5	18.1681681681682	0.221655445399738	4.03190918745966	0.0101694094350513
3	3.5	18.2282282282282	0.219278639369964	4.02904197869002	0.0100420454871069
3	3.5	18.2882882882883	0.219178082191781	4.0289207886267	0.0100366670378743
3	3.5	18.3483483483483	0.219091237356078	4.02881613198062	0.0100320226674044
3	3.5	18.4084084084084	0.216714431326303	4.02595454006679	0.00990514844336517
3	3.5	18.4684684684685	0.214474748721324	4.02326278925187	0.00978600731413111
3	3.5	18.5285285285285	0.213286345706437	4.02183637984273	0.00972295185195056
3	3.5	18.5885885885886	0.21209794269155	4.02041126194497	0.0096600085641617
3	3.5	18.6486486486486	0.210909539676663	4.01898743354174	0.00959717718939773
3	3.5	18.7087087087087	0.209721136661776	4.01756489262065	0.00953445746705356
3	3.5	18.7687687687688	0.208532733646889	4.01614363717367	0.00947184913728324
3	3.5	18.8288288288288	0.207344330632002	4.01472366519718	0.00940935194099713
3	3.5	18.8888888888889	0.206155927617115	4.01330497469192	0.00934696561985942
3	3.5	18.9489489489489	0.203943669697094	4.01066743402685	0.00923112550947157
3	3.5	19.009009009009	0.200378460652433	4.00642614982542	0.00904524350390408
3	3.5	19.0690690690691	0.198024508526792	4.00363208202239	0.00892305368299417
3	3.5	19.1291291291291	0.196836105511905	4.00222337238396	0.00886152800677809
3	3.5	19.1891891891892	0.194948373030565	3.99998828905355	0.00876402004677235
3	3.5	19.2492492492492	0.192571567000791	3.99717866419394	0.00864163797175132
3	3.5	19.3093093093093	0.189401730497621	3.99343941867004	0.00847909285045919
3	3.5	19.3693693693694	0.185836521452959	3.98924441820757	0.00829718345850775
3	3.5	19.4294294294294	0.184044775368976	3.98714039896016	0.00820612405363756
3	3.5	19.4894894894895	0.182856372354089	3.98574643510241	0.00814586041733171
3	3.5	19.5495495495495	0.181667969339202	3.98435371247259	0.00808570249639488
3	3.5	19.6096096096096	0.180479566324315	3.98296222916297	0.00802565004814755
3	3.5	19.6696696696697	0.177142896320979	3.97906198056685	0.0078576029761271
3	3.5	19.7297297297297	0.173577687276318	3.97490532405366	0.00767895653540591
3	3.5	19.7897897897898	0.172348147233992	3.97347437278549	0.00761756346864959
3	3.5	19.8498498498498	0.171086611725881	3.9720075471961	0.00755468806584492
3	3.5	19.9099099099099	0.168709805696107	3.96924770373687	0.00743654332266231
3	3.5	19.96996996997	0.166166166166167	3.96629954055062	0.00731056150267839
3	3.5	20.03003003003	0.162600957121505	3.96217670695729	0.00713477202943593
3	3.5	20.0900900900901	0.159035748076844	3.95806475677965	0.00695989761426826
3	3.5	20.1501501501502	0.155470539032183	3.95396364046239	0.00678593203427602
3	3.5	20.2102102102102	0.152613801015627	3.95068527482052	0.00664718825473599
3	3.5	20.2702702702703	0.15142539800074	3.9493235081325	0.00658964079052742
3	3.5	20.3303303303303	0.148893185422866	3.94642587160271	0.00646735210415789
3	3.5	20.3903903903904	0.144139573363318	3.94100082165454	0.00623899764865725
3	3.5	20.4504504504505	0.139927598831709	3.93620970890968	0.00603797514620835
3	3.5	20.5105105105105	0.136362389787048	3.93216582644336	0.00586877670327909
3	3.5	20.5705705705706	0.132797180742386	3.9281324699619	0.00570044873419194
3	3.5	20.6306306306306	0.129231971697725	3.92410959217278	0.0055329853924354
3	3.5	20.6906906906907	0.127853881278539	3.9225573931831	0.00546848483115714
3	3.5	20.7507507507508	0.127853881278539	3.9225573931831	0.00546848483115714
3	3.5	20.8108108108108	0.123740178534699	3.91793320714461	0.0052767057823048
3	3.5	20.8708708708709	0.117798163460264	3.91127815888723	0.00500168717136042
3	3.5	20.9309309309309	0.115521914608673	3.90873634197513	0.00489695385106014
3	3.5	20.990990990991	0.114333511593785	3.90741095046847	0.00484240945859245
3	3.5	21.0510510510511	0.113145108578898	3.90608669656756	0.00478795785708761
3	3.5	21.1111111111111	0.111956705564011	3.90476357858392	0.00473359884036165
3	3.5	21.1711711711712	0.109664458979527	3.90221468988517	0.00462900941921403
3	3.5	21.2312312312312	0.107269369826447	3.89955593928542	0.00452009312624508
3	3.5	21.2912912912913	0.102515757766899	3.89429258259037	0.0043050234766681
3	3.5	21.3513513513514	0.0979678308445432	3.88927375700959	0.00410061926492599
3	3.5	21.4114114114114	0.0955910248147692	3.88665735406515	0.00399432009136616
3	3.5	21.4714714714715	0.093017675209456	3.8838296064569	0.00387963484790321
3	3.5	21.5315315315315	0.089452466164795	3.8799205256496	0.00372143641572162
3	3.5	21.5915915915916	0.0855970125376522	3.87570437614426	0.00355125617893413
3	3.5	21.6516516516517	0.0808434004781039	3.87052194001292	0.00334270484227265
3	3.5	21.7117117117117	0.0772416251868305	3.86660688099151	0.00318561674807233
3	3.5	21.7717717717718	0.0760532221719435	3.86531730216577	0.00313396047617047
3	3.5	21.8318318318318	0.0748648191570565	3.86402880827487	0.00308239063186914
3	3.5	21.8918918918919	0.0736764161421695	3.86274139773881	0.00303090702648529
3	3.5	21.951951951952	0.0724880131272825	3.8614550689808	0.00297950947184983
3	3.5	22.012012012012	0.0712996101123956	3.86016982042727	0.00292819778030598
3	3.5	22.0720720720721	0.0701112070975086	3.85888565050785	0.00287697176470756
3	3.5	22.1321321321321	0.0689228040826216	3.85760255765535	0.00282583123841731
3	3.5	22.1921921921922	0.0684931506849316	3.85713893502864	0.00280736297613559
3	3.5	22.2522522522523	0.0684931506849316	3.85713893502864	0.00280736297613559
3	3.5	22.3123123123123	0.0684931506849316	3.85713893502864	0.00280736297613559
3	3.5	22.3723723723724	0.0684931506849316	3.85713893502864	0.00280736297613559
3	3.5	22.4324324324324	0.0694393023160146	3.85816007731822	0.00284804720644082
3	3.5	22.4924924924925	0.0706277053309016	3.85944363808823	0.00289922486480147
3	3.5	22.5525525525526	0.0707762557077625	3.85960415893148	0.00290562808493541
3	3.5	22.6126126126126	0.0707762557077625	3.85960415893148	0.00290562808493541
3	3.5	22.6726726726727	0.0707762557077625	3.85960415893148	0.00290562808493541
3	3.5	22.7327327327327	0.0707762557077625	3.85960415893148	0.00290562808493541
3	3.5	22.7927927927928	0.0707762557077625	3.85960415893148	0.00290562808493541
3	3.5	22.8528528528529	0.0706437030637943	3.85946092413911	0.00289991437810687
3	3.5	22.9129129129129	0.0694553000489073	3.85817734887136	0.00284873556907604
3	3.5	22.972972972973	0.0684931506849316	3.85713893502864	0.00280736297613559
3	3.5	23.033033033033	0.0684931506849316	3.85713893502864	0.00280736297613559
3	3.5	23.0930930930931	0.0681731960270772	3.85679377541481	0.0027936172528394
3	3.5	23.1531531531532	0.0669847930121902	3.85551243565648	0.00274261574084521
3	3.5	23.2132132132132	0.0662100456621004	3.85467767854517	0.00270941245955386
3	3.5	23.2732732732733	0.0662100456621004	3.85467767854517	0.00270941245955386
3	3.5	23.3333333333333	0.0662100456621004	3.85467767854517	0.00270941245955386
3	3.5	23.3933933933934	0.0662100456621004	3.85467767854517	0.00270941245955386
3	3.5	23.4534534534535	0.0662100456621004	3.85467767854517	0.00270941245955386
3	3.5	23.5135135135135	0.0662100456621004	3.85467767854517	0.00270941245955386
3	3.5	23.5735735735736	0.0662100456621004	3.85467767854517	0.00270941245955386
3	3.5	23.6336336336336	0.0662100456621004	3.85467767854517	0.00270941245955386
3	3.5	23.6936936936937	0.0662100456621004	3.85467767854517	0.00270941245955386
3	3.5	23.7537537537538	0.0662100456621004	3.85467767854517	0.00270941245955386
3	3.5	23.8138138138138	0.0653278849625883	3.8537277428264	0.00267164969389289
3	3.5	23.8738738738739	0.0641394819477013	3.85244896938439	0.00262085138491734
3	3.5	23.9339339339339	0.0629510789328143	3.85117126518236	0.00257013763504286
3	3.5	23.993993993994	0.0617626759179269	3.84989462867222	0.00251950826066337
3	3.5	24.0540540540541	0.0616438356164384	3.84976702368475	0.00251444995682366
3	3.5	24.1141141141141	0.0616438356164384	3.84976702368475	0.00251444995682366
3	3.5	24.1741741741742	0.0616438356164384	3.84976702368475	0.00251444995682366
3	3.5	24.2342342342342	0.0616438356164384	3.84976702368475	0.00251444995682366
3	3.5	24.2942942942943	0.0616438356164384	3.84976702368475	0.00251444995682366
3	3.5	24.3543543543544	0.0616438356164384	3.84976702368475	0.00251444995682366
3	3.5	24.4144144144144	0.0616438356164384	3.84976702368475	0.00251444995682366
3	3.5	24.4744744744745	0.0616438356164384	3.84976702368475	0.00251444995682366
3	3.5	24.5345345345345	0.0616438356164384	3.84976702368475	0.00251444995682366
3	3.5	24.5945945945946	0.0616438356164384	3.84976702368475	0.00251444995682366
3	3.5	24.6546546546547	0.0616438356164384	3.84976702368475	0.00251444995682366
3	3.5	24.7147147147147	0.0616438356164384	3.84976702368475	0.00251444995682366
3	3.5	24.7747747747748	0.0616438356164384	3.84976702368475	0.00251444995682366
3	3.5	24.8348348348348	0.0616438356164384	3.84976702368475	0.00251444995682366
3	3.5	24.8948948948949	0.0616438356164384	3.84976702368475	0.00251444995682366
3	3.5	24.954954954955	0.0616438356164384	3.84976702368475	0.00251444995682366
3	3.5	25.015015015015	0.0616438356164384	3.84976702368475	0.00251444995682366
3	3.5	25.0750750750751	0.0616438356164384	3.84976702368475	0.00251444995682366
3	3.5	25.1351351351351	0.0616438356164384	3.84976702368475	0.00251444995682366
3	3.5	25.1951951951952	0.0616438356164384	3.84976702368475	0.00251444995682366
3	3.5	25.2552552552553	0.0616438356164384	3.84976702368475	0.00251444995682366
3	3.5	25.3153153153153	0.0607319648415539	3.84878825539059	0.00247566519741428
3	3.5	25.3753753753754	0.0595435618266669	3.8475136084562	0.00242519288823394
3	3.5	25.4354354354354	0.0583551588117799	3.84624002479222	0.00237480443084531
3	3.5	25.4954954954955	0.0571667557968929	3.84496750286264	0.00232449964355669
3	3.5	25.5555555555556	0.0559783527820059	3.84369604113458	0.00227427834516742
3	3.5	25.6156156156156	0.0547899497671189	3.84242563807825	0.00222414035496636
3	3.5	25.6756756756757	0.0536015467522319	3.84115629216694	0.00217408549273025
3	3.5	25.7357357357357	0.0525114155251142	3.83999283972811	0.00212824272996991
3	3.5	25.7957957957958	0.0525114155251142	3.83999283972811	0.00212824272996991
3	3.5	25.8558558558559	0.0525114155251142	3.83999283972811	0.00212824272996991
3	3.5	25.9159159159159	0.0525114155251142	3.83999283972811	0.00212824272996991
3	3.5	25.975975975976	0.0522257417234587	3.83968809851122	0.00211624095198746
3	3.5	26.036036036036	0.0510373387085717	3.83842102840718	0.0020663648426555
3	3.5	26.0960960960961	0.050228310502283	3.83755904821397	0.00203245796734474
3	3.5	26.1561561561562	0.050228310502283	3.83755904821397	0.00203245796734474
3	3.5	26.2162162162162	0.050228310502283	3.83755904821397	0.00203245796734474
3	3.5	26.2762762762763	0.050228310502283	3.83755904821397	0.00203245796734474
3	3.5	26.3363363363363	0.050228310502283	3.83755904821397	0.00203245796734474
3	3.5	26.3963963963964	0.050228310502283	3.83755904821397	0.00203245796734474
3	3.5	26.4564564564565	0.050228310502283	3.83755904821397	0.00203245796734474
3	3.5	26.5165165165165	0.050228310502283	3.83755904821397	0.00203245796734474
3	3.5	26.5765765765766	0.050228310502283	3.83755904821397	0.00203245796734474
3	3.5	26.6366366366366	0.050228310502283	3.83755904821397	0.00203245796734474
3	3.5	26.6966966966967	0.050228310502283	3.83755904821397	0.00203245796734474
3	3.5	26.7567567567568	0.050228310502283	3.83755904821397	0.00203245796734474
3	3.5	26.8168168168168	0.050228310502283	3.83755904821397	0.00203245796734474
3	3.5	26.8768768768769	0.050228310502283	3.83755904821397	0.00203245796734474
3	3.5	26.9369369369369	0.050228310502283	3.83755904821397	0.00203245796734474
3	3.5	26.996996996997	0.050228310502283	3.83755904821397	0.00203245796734474
3	3.5	27.0570570570571	0.0513572933664257	3.83876205908084	0.00207978489664932
3	3.5	27.1171171171171	0.0525114155251142	3.83999283972811	0.00212824272996991
3	3.5	27.1771771771772	0.0525114155251142	3.83999283972811	0.00212824272996991
3	3.5	27.2372372372372	0.0525114155251142	3.83999283972811	0.00212824272996991
3	3.5	27.2972972972973	0.0525114155251142	3.83999283972811	0.00212824272996991
3	3.5	27.3573573573574	0.0525114155251142	3.83999283972811	0.00212824272996991
3	3.5	27.4174174174174	0.0525114155251142	3.83999283972811	0.00212824272996991
3	3.5	27.4774774774775	0.0525114155251142	3.83999283972811	0.00212824272996991
3	3.5	27.5375375375375	0.0525114155251142	3.83999283972811	0.00212824272996991
3	3.5	27.5975975975976	0.0529205004090849	3.8404293352336	0.00214543760647245
3	3.5	27.6576576576577	0.0541089034239719	3.84169807600645	0.00219544491103723
3	3.5	27.7177177177177	0.0547945205479451	3.84243052221772	0.00222433303402821
3	3.5	27.7777777777778	0.0547945205479451	3.84243052221772	0.00222433303402821
3	3.5	27.8378378378378	0.0547945205479451	3.84243052221772	0.00222433303402821
3	3.5	27.8978978978979	0.0547945205479451	3.84243052221772	0.00222433303402821
3	3.5	27.957957957958	0.0547945205479451	3.84243052221772	0.00222433303402821
3	3.5	28.018018018018	0.0547945205479451	3.84243052221772	0.00222433303402821
3	3.5	28.0780780780781	0.0547945205479451	3.84243052221772	0.00222433303402821
3	3.5	28.1381381381381	0.0547945205479451	3.84243052221772	0.00222433303402821
3	3.5	28.1981981981982	0.0539169306292594	3.84149305408115	0.0021873611900999
3	3.5	28.2582582582583	0.0527285276143725	3.84022448379391	0.0021373672804012
3	3.5	28.3183183183183	0.0486262518225989	3.83585356986586	0.00196542737681167
3	3.5	28.3783783783784	0.0438726397630509	3.83080430100649	0.0017674124583338
3	3.5	28.4384384384384	0.0433789954337901	3.83028091221486	0.00174692429771349
3	3.5	28.4984984984985	0.0433789954337901	3.83028091221486	0.00174692429771349
3	3.5	28.5585585585586	0.0427996489640326	3.82966688676821	0.0017228970830292
3	3.5	28.6186186186186	0.0422054474565889	3.82903737429992	0.00169827386569157
3	3.5	28.6786786786787	0.0416112459491456	3.82840812212302	0.00167367096060586
3	3.5	28.7387387387387	NaN	NaN	NaN
3	3.5	28.7987987987988	NaN	NaN	NaN
3	3.5	28.8588588588589	NaN	NaN	NaN
3	3.5	28.9189189189189	NaN	NaN	NaN
3	3.5	28.978978978979	NaN	NaN	NaN
3	3.5	29.039039039039	NaN	NaN	NaN
3	3.5	29.0990990990991	NaN	NaN	NaN
3	3.5	29.1591591591592	NaN	NaN	NaN
3	3.5	29.2192192192192	NaN	NaN	NaN
3	3.5	29.2792792792793	NaN	NaN	NaN
3	3.5	29.3393393393393	NaN	NaN	NaN
3	3.5	29.3993993993994	NaN	NaN	NaN
3	3.5	29.4594594594595	NaN	NaN	NaN
3	3.5	29.5195195195195	NaN	NaN	NaN
3	3.5	29.5795795795796	NaN	NaN	NaN
3	3.5	29.6396396396396	NaN	NaN	NaN
3	3.5	29.6996996996997	NaN	NaN	NaN
3	3.5	29.7597597597598	NaN	NaN	NaN
3	3.5	29.8198198198198	NaN	NaN	NaN
3	3.5	29.8798798798799	NaN	NaN	NaN
3	3.5	29.9399399399399	NaN	NaN	NaN
3	3.5	30	NaN	NaN	NaN
