x_t_over_tau,B_terms_5,relative_error_terms_5,pseudo_Xc_terms_5,B_terms_10,relative_error_terms_10,pseudo_Xc_terms_10,B_terms_20,relative_error_terms_20,pseudo_Xc_terms_20,B_terms_50,relative_error_terms_50,pseudo_Xc_terms_50,B_terms_120,relative_error_terms_120,pseudo_Xc_terms_120,B_terms_300,relative_error_terms_300,pseudo_Xc_terms_300,B_terms_800,relative_error_terms_800,pseudo_Xc_terms_800
1.000000000000000048e-04,7.432745739895108006e-08,7.432745739895107779e+292,7.432745463666567775e-08,0.000000000000000000e+00,0.000000000000000000e+00,0.000000000000000000e+00,0.000000000000000000e+00,0.000000000000000000e+00,0.000000000000000000e+00,0.000000000000000000e+00,0.000000000000000000e+00,0.000000000000000000e+00,0.000000000000000000e+00,0.000000000000000000e+00,0.000000000000000000e+00,0.000000000000000000e+00,0.000000000000000000e+00,0.000000000000000000e+00,0.000000000000000000e+00,0.000000000000000000e+00,0.000000000000000000e+00
1.071891319205127554e-04,7.966160774520308907e-08,9.184358066000000000e+10,7.966160457221729808e-08,0.000000000000000000e+00,1.000000000000000000e+00,0.000000000000000000e+00,0.000000000000000000e+00,1.000000000000000000e+00,0.000000000000000000e+00,0.000000000000000000e+00,1.000000000000000000e+00,0.000000000000000000e+00,0.000000000000000000e+00,1.000000000000000000e+00,0.000000000000000000e+00,8.673617379884035472e-19,0.000000000000000000e+00,8.673617379884035472e-19,8.673617379884035472e-19,0.000000000000000000e+00,8.673617379884035472e-19
1.148951000187308635e-04,8.537784640990503382e-08,3.281131838000000000e+10,8.537784276521679860e-08,0.000000000000000000e+00,1.000000000000000000e+00,0.000000000000000000e+00,0.000000000000000000e+00,1.000000000000000000e+00,0.000000000000000000e+00,0.000000000000000000e+00,1.000000000000000000e+00,0.000000000000000000e+00,0.000000000000000000e+00,1.000000000000000000e+00,0.000000000000000000e+00,1.734723475976807094e-18,3.333333333333333148e-01,1.734723475976807094e-18,2.602085213965210642e-18,0.000000000000000000e+00,2.602085213965210642e-18
1.231550603292826216e-04,9.150343545805822432e-08,3.516542616066666412e+10,9.150343127161899216e-08,0.000000000000000000e+00,1.000000000000000000e+00,0.000000000000000000e+00,0.000000000000000000e+00,1.000000000000000000e+00,0.000000000000000000e+00,0.000000000000000000e+00,1.000000000000000000e+00,0.000000000000000000e+00,0.000000000000000000e+00,1.000000000000000000e+00,0.000000000000000000e+00,0.000000000000000000e+00,1.000000000000000000e+00,0.000000000000000000e+00,0.000000000000000000e+00,1.000000000000000000e+00,0.000000000000000000e+00
1.320088400831418048e-04,9.806756615885620088e-08,5.653210296350000000e+10,9.806756135023259661e-08,0.000000000000000000e+00,1.000000000000000000e+00,0.000000000000000000e+00,0.000000000000000000e+00,1.000000000000000000e+00,0.000000000000000000e+00,0.000000000000000000e+00,1.000000000000000000e+00,0.000000000000000000e+00,0.000000000000000000e+00,1.000000000000000000e+00,0.000000000000000000e+00,0.000000000000000000e+00,1.000000000000000000e+00,0.000000000000000000e+00,1.734723475976807094e-18,0.000000000000000000e+00,1.734723475976807094e-18
1.414991297434575767e-04,1.051014931127691732e-07,1.051014931127691777e+293,1.051014875896074476e-07,0.000000000000000000e+00,0.000000000000000000e+00,0.000000000000000000e+00,0.000000000000000000e+00,0.000000000000000000e+00,0.000000000000000000e+00,0.000000000000000000e+00,0.000000000000000000e+00,0.000000000000000000e+00,0.000000000000000000e+00,0.000000000000000000e+00,0.000000000000000000e+00,8.673617379884035472e-19,8.673617379884034638e+281,8.673617379884035472e-19,2.602085213965210642e-18,2.602085213965210778e+282,2.602085213965210642e-18
1.516716888470922469e-04,1.126386773783738526e-07,4.328785113233333588e+10,1.126386710346382920e-07,0.000000000000000000e+00,1.000000000000000000e+00,0.000000000000000000e+00,0.000000000000000000e+00,1.000000000000000000e+00,0.000000000000000000e+00,0.000000000000000000e+00,1.000000000000000000e+00,0.000000000000000000e+00,0.000000000000000000e+00,1.000000000000000000e+00,0.000000000000000000e+00,1.734723475976807094e-18,3.333333333333333148e-01,1.734723475976807094e-18,2.602085213965210642e-18,0.000000000000000000e+00,2.602085213965210642e-18
1.625755666443793484e-04,1.207149390785797194e-07,6.958742459450000000e+10,1.207149317925317443e-07,0.000000000000000000e+00,1.000000000000000000e+00,0.000000000000000000e+00,0.000000000000000000e+00,1.000000000000000000e+00,0.000000000000000000e+00,0.000000000000000000e+00,1.000000000000000000e+00,0.000000000000000000e+00,0.000000000000000000e+00,1.000000000000000000e+00,0.000000000000000000e+00,0.000000000000000000e+00,1.000000000000000000e+00,0.000000000000000000e+00,1.734723475976807094e-18,0.000000000000000000e+00,1.734723475976807094e-18
1.742633386009650781e-04,1.293686201289667714e-07,1.293686201289667630e+293,1.293686117608472029e-07,0.000000000000000000e+00,0.000000000000000000e+00,0.000000000000000000e+00,0.000000000000000000e+00,0.000000000000000000e+00,0.000000000000000000e+00,0.000000000000000000e+00,0.000000000000000000e+00,0.000000000000000000e+00,0.000000000000000000e+00,0.000000000000000000e+00,0.000000000000000000e+00,0.000000000000000000e+00,0.000000000000000000e+00,0.000000000000000000e+00,0.000000000000000000e+00,0.000000000000000000e+00,0.000000000000000000e+00
1.867913599020782809e-04,1.386407576259990337e-07,7.992095544000000000e+10,1.386407480153696407e-07,0.000000000000000000e+00,1.000000000000000000e+00,0.000000000000000000e+00,0.000000000000000000e+00,1.000000000000000000e+00,0.000000000000000000e+00,0.000000000000000000e+00,1.000000000000000000e+00,0.000000000000000000e+00,0.000000000000000000e+00,1.000000000000000000e+00,0.000000000000000000e+00,0.000000000000000000e+00,1.000000000000000000e+00,0.000000000000000000e+00,1.734723475976807094e-18,0.000000000000000000e+00,1.734723475976807094e-18
2.002200371815584547e-04,1.485752685360941516e-07,8.564781107300000000e+10,1.485752574987894837e-07,0.000000000000000000e+00,1.000000000000000000e+00,0.000000000000000000e+00,0.000000000000000000e+00,1.000000000000000000e+00,0.000000000000000000e+00,0.000000000000000000e+00,1.000000000000000000e+00,0.000000000000000000e+00,0.000000000000000000e+00,1.000000000000000000e+00,0.000000000000000000e+00,1.734723475976807094e-18,0.000000000000000000e+00,1.734723475976807094e-18,0.000000000000000000e+00,1.000000000000000000e+00,0.000000000000000000e+00
2.146141197858403608e-04,1.592191463326009249e-07,9.178358887500000000e+10,1.592191336572332957e-07,0.000000000000000000e+00,1.000000000000000000e+00,0.000000000000000000e+00,0.000000000000000000e+00,1.000000000000000000e+00,0.000000000000000000e+00,0.000000000000000000e+00,1.000000000000000000e+00,0.000000000000000000e+00,0.000000000000000000e+00,1.000000000000000000e+00,0.000000000000000000e+00,1.734723475976807094e-18,0.000000000000000000e+00,1.734723475976807094e-18,3.469446951953614189e-18,1.000000000000000000e+00,3.469446951953614189e-18
2.300430119772916963e-04,1.706226702390123418e-07,4.917863642200000000e+10,1.706226556829653631e-07,0.000000000000000000e+00,1.000000000000000000e+00,0.000000000000000000e+00,0.000000000000000000e+00,1.000000000000000000e+00,0.000000000000000000e+00,0.000000000000000000e+00,1.000000000000000000e+00,0.000000000000000000e+00,0.000000000000000000e+00,1.000000000000000000e+00,0.000000000000000000e+00,3.469446951953614189e-18,0.000000000000000000e+00,3.469446951953614189e-18,3.469446951953614189e-18,0.000000000000000000e+00,3.469446951953614189e-18
2.465811075822603774e-04,1.828396277332722253e-07,5.269993467600000000e+10,1.828396110181085121e-07,0.000000000000000000e+00,1.000000000000000000e+00,0.000000000000000000e+00,0.000000000000000000e+00,1.000000000000000000e+00,0.000000000000000000e+00,0.000000000000000000e+00,1.000000000000000000e+00,0.000000000000000000e+00,0.000000000000000000e+00,1.000000000000000000e+00,0.000000000000000000e+00,1.734723475976807094e-18,5.000000000000000000e-01,1.734723475976807094e-18,3.469446951953614189e-18,0.000000000000000000e+00,3.469446951953614189e-18
2.643081486974105496e-04,1.959275510859948000e-07,1.129445434950000000e+11,1.959275318921934074e-07,0.000000000000000000e+00,1.000000000000000000e+00,0.000000000000000000e+00,0.000000000000000000e+00,1.000000000000000000e+00,0.000000000000000000e+00,0.000000000000000000e+00,1.000000000000000000e+00,0.000000000000000000e+00,0.000000000000000000e+00,1.000000000000000000e+00,0.000000000000000000e+00,1.734723475976807094e-18,0.000000000000000000e+00,1.734723475976807094e-18,1.734723475976807094e-18,0.000000000000000000e+00,1.734723475976807094e-18
2.833096101839323875e-04,2.099479685206684376e-07,2.099479685206684268e+293,2.099479464815952309e-07,0.000000000000000000e+00,0.000000000000000000e+00,0.000000000000000000e+00,0.000000000000000000e+00,0.000000000000000000e+00,0.000000000000000000e+00,0.000000000000000000e+00,0.000000000000000000e+00,0.000000000000000000e+00,0.000000000000000000e+00,0.000000000000000000e+00,0.000000000000000000e+00,3.469446951953614189e-18,3.469446951953613855e+282,3.469446951953614189e-18,0.000000000000000000e+00,0.000000000000000000e+00,0.000000000000000000e+00
3.036771118035457235e-04,2.249666708649400437e-07,2.593689126500000000e+10,2.249666455599404617e-07,0.000000000000000000e+00,1.000000000000000000e+00,0.000000000000000000e+00,0.000000000000000000e+00,1.000000000000000000e+00,0.000000000000000000e+00,0.000000000000000000e+00,1.000000000000000000e+00,0.000000000000000000e+00,0.000000000000000000e+00,1.000000000000000000e+00,0.000000000000000000e+00,3.469446951953614189e-18,5.999999999999999778e-01,3.469446951953614189e-18,3.469446951953614189e-18,5.999999999999999778e-01,3.469446951953614189e-18
3.255088599835056465e-04,2.410539942775818956e-07,4.631938896133333588e+10,2.410539652240701663e-07,0.000000000000000000e+00,1.000000000000000000e+00,0.000000000000000000e+00,0.000000000000000000e+00,1.000000000000000000e+00,0.000000000000000000e+00,0.000000000000000000e+00,1.000000000000000000e+00,0.000000000000000000e+00,0.000000000000000000e+00,1.000000000000000000e+00,0.000000000000000000e+00,3.469446951953614189e-18,3.333333333333333148e-01,3.469446951953614189e-18,5.204170427930421283e-18,0.000000000000000000e+00,5.204170427930421283e-18
3.489101213406773793e-04,2.582851198612567956e-07,7.444561725100000000e+10,2.582850865056581097e-07,0.000000000000000000e+00,1.000000000000000000e+00,0.000000000000000000e+00,0.000000000000000000e+00,1.000000000000000000e+00,0.000000000000000000e+00,0.000000000000000000e+00,1.000000000000000000e+00,0.000000000000000000e+00,0.000000000000000000e+00,1.000000000000000000e+00,0.000000000000000000e+00,0.000000000000000000e+00,1.000000000000000000e+00,0.000000000000000000e+00,3.469446951953614189e-18,0.000000000000000000e+00,3.469446951953614189e-18
3.739937302478797796e-04,2.767403908497667597e-07,7.976498695000000000e+10,2.767403525571482906e-07,0.000000000000000000e+00,1.000000000000000000e+00,0.000000000000000000e+00,0.000000000000000000e+00,1.000000000000000000e+00,0.000000000000000000e+00,0.000000000000000000e+00,1.000000000000000000e+00,0.000000000000000000e+00,0.000000000000000000e+00,1.000000000000000000e+00,0.000000000000000000e+00,3.469446951953614189e-18,0.000000000000000000e+00,3.469446951953614189e-18,1.040834085586084257e-17,2.000000000000000000e+00,1.040834085586084257e-17
4.008806328898464845e-04,2.965056480203065448e-07,2.136548361400000000e+10,2.965056040625111782e-07,0.000000000000000000e+00,1.000000000000000000e+00,0.000000000000000000e+00,0.000000000000000000e+00,1.000000000000000000e+00,0.000000000000000000e+00,0.000000000000000000e+00,1.000000000000000000e+00,0.000000000000000000e+00,0.000000000000000000e+00,1.000000000000000000e+00,0.000000000000000000e+00,3.469446951953614189e-18,7.500000000000000000e-01,3.469446951953614189e-18,1.040834085586084257e-17,2.500000000000000000e-01,1.040834085586084257e-17
4.297004704320839491e-04,3.176725840228766806e-07,3.052096279433333206e+10,3.176725335649466652e-07,0.000000000000000000e+00,1.000000000000000000e+00,0.000000000000000000e+00,0.000000000000000000e+00,1.000000000000000000e+00,0.000000000000000000e+00,0.000000000000000000e+00,1.000000000000000000e+00,0.000000000000000000e+00,0.000000000000000000e+00,1.000000000000000000e+00,0.000000000000000000e+00,3.469446951953614189e-18,6.666666666666666297e-01,3.469446951953614189e-18,6.938893903907228378e-18,3.333333333333333148e-01,6.938893903907228378e-18
4.605922041145103524e-04,3.403391172461522896e-07,4.904803589050000000e+10,3.403390593308015344e-07,0.000000000000000000e+00,1.000000000000000000e+00,0.000000000000000000e+00,0.000000000000000000e+00,1.000000000000000000e+00,0.000000000000000000e+00,0.000000000000000000e+00,1.000000000000000000e+00,0.000000000000000000e+00,0.000000000000000000e+00,1.000000000000000000e+00,0.000000000000000000e+00,3.469446951953614189e-18,5.000000000000000000e-01,3.469446951953614189e-18,6.938893903907228378e-18,0.000000000000000000e+00,6.938893903907228378e-18
4.937047852839003808e-04,3.646097857176733292e-07,3.503053856100000000e+10,3.646097192475334876e-07,0.000000000000000000e+00,1.000000000000000000e+00,0.000000000000000000e+00,0.000000000000000000e+00,1.000000000000000000e+00,0.000000000000000000e+00,0.000000000000000000e+00,1.000000000000000000e+00,0.000000000000000000e+00,0.000000000000000000e+00,1.000000000000000000e+00,0.000000000000000000e+00,6.938893903907228378e-18,3.333333333333333148e-01,6.938893903907228378e-18,0.000000000000000000e+00,1.000000000000000000e+00,0.000000000000000000e+00
5.291978735958442325e-04,3.905961615466302383e-07,1.125816785650000000e+11,3.905960852639594510e-07,0.000000000000000000e+00,1.000000000000000000e+00,0.000000000000000000e+00,0.000000000000000000e+00,1.000000000000000000e+00,0.000000000000000000e+00,0.000000000000000000e+00,1.000000000000000000e+00,0.000000000000000000e+00,0.000000000000000000e+00,1.000000000000000000e+00,0.000000000000000000e+00,6.938893903907228378e-18,1.000000000000000000e+00,6.938893903907228378e-18,3.469446951953614189e-18,0.000000000000000000e+00,3.469446951953614189e-18
5.672426068491977658e-04,4.184172862527202330e-07,1.206005718040000000e+11,4.184171987162197307e-07,0.000000000000000000e+00,1.000000000000000000e+00,0.000000000000000000e+00,0.000000000000000000e+00,1.000000000000000000e+00,0.000000000000000000e+00,0.000000000000000000e+00,1.000000000000000000e+00,0.000000000000000000e+00,0.000000000000000000e+00,1.000000000000000000e+00,0.000000000000000000e+00,6.938893903907228378e-18,1.000000000000000000e+00,6.938893903907228378e-18,1.040834085586084257e-17,2.000000000000000000e+00,1.040834085586084257e-17
6.080224261649420404e-04,4.482001271788327301e-07,4.482001271788326872e+293,4.482000267371708069e-07,0.000000000000000000e+00,0.000000000000000000e+00,0.000000000000000000e+00,0.000000000000000000e+00,0.000000000000000000e+00,0.000000000000000000e+00,0.000000000000000000e+00,0.000000000000000000e+00,0.000000000000000000e+00,0.000000000000000000e+00,0.000000000000000000e+00,0.000000000000000000e+00,6.938893903907228378e-18,6.938893903907227710e+282,6.938893903907228378e-18,0.000000000000000000e+00,0.000000000000000000e+00,0.000000000000000000e+00
6.517339604882420442e-04,4.800800551957307150e-07,1.383736548910000000e+11,4.800799399573194281e-07,0.000000000000000000e+00,1.000000000000000000e+00,0.000000000000000000e+00,0.000000000000000000e+00,1.000000000000000000e+00,0.000000000000000000e+00,0.000000000000000000e+00,1.000000000000000000e+00,0.000000000000000000e+00,0.000000000000000000e+00,1.000000000000000000e+00,0.000000000000000000e+00,6.938893903907228378e-18,1.000000000000000000e+00,6.938893903907228378e-18,6.938893903907228378e-18,1.000000000000000000e+00,6.938893903907228378e-18
6.985879746785249268e-04,5.142013433448444637e-07,5.142013433448444632e+293,5.142012111433564461e-07,0.000000000000000000e+00,0.000000000000000000e+00,0.000000000000000000e+00,0.000000000000000000e+00,0.000000000000000000e+00,0.000000000000000000e+00,0.000000000000000000e+00,0.000000000000000000e+00,0.000000000000000000e+00,0.000000000000000000e+00,0.000000000000000000e+00,0.000000000000000000e+00,0.000000000000000000e+00,0.000000000000000000e+00,0.000000000000000000e+00,0.000000000000000000e+00,0.000000000000000000e+00,0.000000000000000000e+00
7.488103857590022510e-04,5.507176863081553186e-07,2.645559431200000000e+10,5.507175346631981562e-07,0.000000000000000000e+00,1.000000000000000000e+00,0.000000000000000000e+00,0.000000000000000000e+00,1.000000000000000000e+00,0.000000000000000000e+00,0.000000000000000000e+00,1.000000000000000000e+00,0.000000000000000000e+00,0.000000000000000000e+00,1.000000000000000000e+00,0.000000000000000000e+00,1.387778780781445676e-17,3.333333333333333148e-01,1.387778780781445676e-17,2.081668171172168513e-17,0.000000000000000000e+00,2.081668171172168513e-17
8.026433522257173624e-04,5.897927398204605431e-07,8.499809162400000000e+10,5.897925658927568210e-07,0.000000000000000000e+00,1.000000000000000000e+00,0.000000000000000000e+00,0.000000000000000000e+00,1.000000000000000000e+00,0.000000000000000000e+00,0.000000000000000000e+00,1.000000000000000000e+00,0.000000000000000000e+00,0.000000000000000000e+00,1.000000000000000000e+00,0.000000000000000000e+00,6.938893903907228378e-18,0.000000000000000000e+00,6.938893903907228378e-18,1.387778780781445676e-17,1.000000000000000000e+00,1.387778780781445676e-17
8.603464416684500826e-04,6.316006793613548886e-07,9.102325069400000000e+10,6.316004799016878093e-07,0.000000000000000000e+00,1.000000000000000000e+00,0.000000000000000000e+00,0.000000000000000000e+00,1.000000000000000000e+00,0.000000000000000000e+00,0.000000000000000000e+00,1.000000000000000000e+00,0.000000000000000000e+00,0.000000000000000000e+00,1.000000000000000000e+00,0.000000000000000000e+00,1.387778780781445676e-17,1.000000000000000000e+00,1.387778780781445676e-17,2.081668171172168513e-17,2.000000000000000000e+00,2.081668171172168513e-17
9.221978823334321543e-04,6.763267764095526324e-07,4.873448029050000000e+10,6.763265477006500265e-07,0.000000000000000000e+00,1.000000000000000000e+00,0.000000000000000000e+00,0.000000000000000000e+00,1.000000000000000000e+00,0.000000000000000000e+00,0.000000000000000000e+00,1.000000000000000000e+00,0.000000000000000000e+00,0.000000000000000000e+00,1.000000000000000000e+00,0.000000000000000000e+00,1.387778780781445676e-17,0.000000000000000000e+00,1.387778780781445676e-17,1.387778780781445676e-17,0.000000000000000000e+00,1.387778780781445676e-17
9.884959046625586658e-04,7.241679907538101091e-07,1.043636061850000000e+11,7.241677285442340434e-07,0.000000000000000000e+00,1.000000000000000000e+00,0.000000000000000000e+00,0.000000000000000000e+00,1.000000000000000000e+00,0.000000000000000000e+00,0.000000000000000000e+00,1.000000000000000000e+00,0.000000000000000000e+00,0.000000000000000000e+00,1.000000000000000000e+00,0.000000000000000000e+00,2.081668171172168513e-17,2.000000000000000000e+00,2.081668171172168513e-17,2.775557561562891351e-17,3.000000000000000000e+00,2.775557561562891351e-17
1.059560179277615945e-03,7.753335761542801130e-07,7.753335761542800775e+293,7.753332755832806684e-07,0.000000000000000000e+00,0.000000000000000000e+00,0.000000000000000000e+00,0.000000000000000000e+00,0.000000000000000000e+00,0.000000000000000000e+00,0.000000000000000000e+00,0.000000000000000000e+00,0.000000000000000000e+00,0.000000000000000000e+00,0.000000000000000000e+00,0.000000000000000000e+00,1.387778780781445676e-17,1.387778780781445542e+283,1.387778780781445676e-17,0.000000000000000000e+00,0.000000000000000000e+00,0.000000000000000000e+00
1.135733358343105071e-03,8.300456967383351703e-07,8.300456967383351147e+293,8.300453522505011783e-07,0.000000000000000000e+00,0.000000000000000000e+00,0.000000000000000000e+00,0.000000000000000000e+00,0.000000000000000000e+00,0.000000000000000000e+00,0.000000000000000000e+00,0.000000000000000000e+00,0.000000000000000000e+00,0.000000000000000000e+00,0.000000000000000000e+00,0.000000000000000000e+00,2.081668171172168513e-17,2.081668171172168623e+283,2.081668171172168513e-17,1.387778780781445676e-17,1.387778780781445542e+283,1.387778780781445676e-17
1.217382727739662078e-03,8.885400501409956853e-07,6.402605821850000000e+10,8.885396553894023343e-07,0.000000000000000000e+00,1.000000000000000000e+00,0.000000000000000000e+00,0.000000000000000000e+00,1.000000000000000000e+00,0.000000000000000000e+00,0.000000000000000000e+00,1.000000000000000000e+00,0.000000000000000000e+00,0.000000000000000000e+00,1.000000000000000000e+00,0.000000000000000000e+00,2.081668171172168513e-17,5.000000000000000000e-01,2.081668171172168513e-17,1.387778780781445676e-17,0.000000000000000000e+00,1.387778780781445676e-17
1.304901978014401690e-03,9.510664928102929849e-07,9.510664928102929017e+293,9.510660405466994567e-07,0.000000000000000000e+00,0.000000000000000000e+00,0.000000000000000000e+00,0.000000000000000000e+00,0.000000000000000000e+00,0.000000000000000000e+00,0.000000000000000000e+00,0.000000000000000000e+00,0.000000000000000000e+00,0.000000000000000000e+00,0.000000000000000000e+00,0.000000000000000000e+00,0.000000000000000000e+00,0.000000000000000000e+00,0.000000000000000000e+00,0.000000000000000000e+00,0.000000000000000000e+00,0.000000000000000000e+00
1.398713102647238578e-03,1.017889662086046698e-06,1.017889662086046650e+294,1.017889144036540402e-06,0.000000000000000000e+00,0.000000000000000000e+00,0.000000000000000000e+00,0.000000000000000000e+00,0.000000000000000000e+00,0.000000000000000000e+00,0.000000000000000000e+00,0.000000000000000000e+00,0.000000000000000000e+00,0.000000000000000000e+00,0.000000000000000000e+00,0.000000000000000000e+00,4.163336342344337027e-17,4.163336342344337245e+283,4.163336342344337027e-17,1.387778780781445676e-17,1.387778780781445542e+283,1.387778780781445676e-17
1.499268432786045498e-03,1.089289588473985049e-06,1.089289588473985022e+294,1.089288995198296649e-06,0.000000000000000000e+00,0.000000000000000000e+00,0.000000000000000000e+00,0.000000000000000000e+00,0.000000000000000000e+00,0.000000000000000000e+00,0.000000000000000000e+00,0.000000000000000000e+00,0.000000000000000000e+00,0.000000000000000000e+00,0.000000000000000000e+00,0.000000000000000000e+00,1.387778780781445676e-17,1.387778780781445542e+283,1.387778780781445676e-17,0.000000000000000000e+00,0.000000000000000000e+00,0.000000000000000000e+00
1.607052818261638441e-03,1.165562289837107635e-06,4.199380715250000000e+10,1.165561610569645730e-06,0.000000000000000000e+00,1.000000000000000000e+00,0.000000000000000000e+00,0.000000000000000000e+00,1.000000000000000000e+00,0.000000000000000000e+00,0.000000000000000000e+00,1.000000000000000000e+00,0.000000000000000000e+00,0.000000000000000000e+00,1.000000000000000000e+00,0.000000000000000000e+00,4.163336342344337027e-17,5.000000000000000000e-01,4.163336342344337027e-17,2.775557561562891351e-17,0.000000000000000000e+00,2.775557561562891351e-17
1.722585965398787389e-03,1.247020338795978844e-06,8.985728532900000000e+10,1.247019561266439297e-06,0.000000000000000000e+00,1.000000000000000000e+00,0.000000000000000000e+00,0.000000000000000000e+00,1.000000000000000000e+00,0.000000000000000000e+00,0.000000000000000000e+00,1.000000000000000000e+00,0.000000000000000000e+00,0.000000000000000000e+00,1.000000000000000000e+00,0.000000000000000000e+00,2.775557561562891351e-17,1.000000000000000000e+00,2.775557561562891351e-17,2.775557561562891351e-17,1.000000000000000000e+00,2.775557561562891351e-17
1.846424942895542615e-03,1.333993391944288120e-06,4.806217714200000000e+10,1.333992502175498840e-06,0.000000000000000000e+00,1.000000000000000000e+00,0.000000000000000000e+00,0.000000000000000000e+00,1.000000000000000000e+00,0.000000000000000000e+00,0.000000000000000000e+00,1.000000000000000000e+00,0.000000000000000000e+00,0.000000000000000000e+00,1.000000000000000000e+00,0.000000000000000000e+00,2.775557561562891351e-17,0.000000000000000000e+00,2.775557561562891351e-17,2.775557561562891351e-17,0.000000000000000000e+00,2.775557561562891351e-17
1.979166867853557332e-03,1.426828668243951270e-06,1.426828668243951115e+294,1.426827650324411261e-06,0.000000000000000000e+00,0.000000000000000000e+00,0.000000000000000000e+00,0.000000000000000000e+00,0.000000000000000000e+00,0.000000000000000000e+00,0.000000000000000000e+00,0.000000000000000000e+00,0.000000000000000000e+00,0.000000000000000000e+00,0.000000000000000000e+00,0.000000000000000000e+00,0.000000000000000000e+00,0.000000000000000000e+00,0.000000000000000000e+00,0.000000000000000000e+00,0.000000000000000000e+00,0.000000000000000000e+00
2.121451784910629874e-03,1.525891362028075626e-06,1.099520603100000000e+11,1.525890197856443470e-06,0.000000000000000000e+00,1.000000000000000000e+00,0.000000000000000000e+00,0.000000000000000000e+00,1.000000000000000000e+00,0.000000000000000000e+00,0.000000000000000000e+00,1.000000000000000000e+00,0.000000000000000000e+00,0.000000000000000000e+00,1.000000000000000000e+00,0.000000000000000000e+00,1.387778780781445676e-17,0.000000000000000000e+00,1.387778780781445676e-17,0.000000000000000000e+00,1.000000000000000000e+00,0.000000000000000000e+00
2.273965752357927448e-03,1.631564973555987841e-06,5.878332325450000000e+10,1.631563642554580220e-06,0.000000000000000000e+00,1.000000000000000000e+00,0.000000000000000000e+00,0.000000000000000000e+00,1.000000000000000000e+00,0.000000000000000000e+00,0.000000000000000000e+00,1.000000000000000000e+00,0.000000000000000000e+00,0.000000000000000000e+00,1.000000000000000000e+00,0.000000000000000000e+00,2.775557561562891351e-17,0.000000000000000000e+00,2.775557561562891351e-17,2.775557561562891351e-17,0.000000000000000000e+00,2.775557561562891351e-17
2.437444150122221927e-03,1.744251537455498990e-06,6.284328459200000000e+10,1.744250016249670714e-06,0.000000000000000000e+00,1.000000000000000000e+00,0.000000000000000000e+00,0.000000000000000000e+00,1.000000000000000000e+00,0.000000000000000000e+00,0.000000000000000000e+00,1.000000000000000000e+00,0.000000000000000000e+00,0.000000000000000000e+00,1.000000000000000000e+00,0.000000000000000000e+00,2.775557561562891351e-17,0.000000000000000000e+00,2.775557561562891351e-17,2.775557561562891351e-17,0.000000000000000000e+00,2.775557561562891351e-17
2.612675225563326330e-03,1.864371727000602164e-06,1.343421410390000000e+11,1.864369989060714022e-06,0.000000000000000000e+00,1.000000000000000000e+00,0.000000000000000000e+00,0.000000000000000000e+00,1.000000000000000000e+00,0.000000000000000000e+00,0.000000000000000000e+00,1.000000000000000000e+00,0.000000000000000000e+00,0.000000000000000000e+00,1.000000000000000000e+00,0.000000000000000000e+00,2.775557561562891351e-17,1.000000000000000000e+00,2.775557561562891351e-17,1.387778780781445676e-17,0.000000000000000000e+00,1.387778780781445676e-17
2.800503894183630979e-03,1.992364808856006420e-06,7.178250728500000000e+10,1.992362824098559068e-06,0.000000000000000000e+00,1.000000000000000000e+00,0.000000000000000000e+00,0.000000000000000000e+00,1.000000000000000000e+00,0.000000000000000000e+00,0.000000000000000000e+00,1.000000000000000000e+00,0.000000000000000000e+00,0.000000000000000000e+00,1.000000000000000000e+00,0.000000000000000000e+00,2.775557561562891351e-17,0.000000000000000000e+00,2.775557561562891351e-17,0.000000000000000000e+00,1.000000000000000000e+00,0.000000000000000000e+00
3.001835813575588850e-03,2.128688420144353444e-06,7.669408300500000000e+10,2.128686154488765973e-06,0.000000000000000000e+00,1.000000000000000000e+00,0.000000000000000000e+00,0.000000000000000000e+00,1.000000000000000000e+00,0.000000000000000000e+00,0.000000000000000000e+00,1.000000000000000000e+00,0.000000000000000000e+00,0.000000000000000000e+00,1.000000000000000000e+00,0.000000000000000000e+00,2.775557561562891351e-17,0.000000000000000000e+00,2.775557561562891351e-17,2.775557561562891351e-17,0.000000000000000000e+00,2.775557561562891351e-17
3.217641750250735486e-03,2.273818135001270946e-06,8.192293204300000000e+10,2.273815549878774781e-06,0.000000000000000000e+00,1.000000000000000000e+00,0.000000000000000000e+00,0.000000000000000000e+00,1.000000000000000000e+00,0.000000000000000000e+00,0.000000000000000000e+00,1.000000000000000000e+00,0.000000000000000000e+00,0.000000000000000000e+00,1.000000000000000000e+00,0.000000000000000000e+00,2.775557561562891351e-17,0.000000000000000000e+00,2.775557561562891351e-17,0.000000000000000000e+00,1.000000000000000000e+00,0.000000000000000000e+00
3.448962260405759751e-03,2.428246785868282132e-06,8.748681055900000000e+10,2.428243837679441959e-06,0.000000000000000000e+00,1.000000000000000000e+00,0.000000000000000000e+00,0.000000000000000000e+00,1.000000000000000000e+00,0.000000000000000000e+00,0.000000000000000000e+00,1.000000000000000000e+00,0.000000000000000000e+00,0.000000000000000000e+00,1.000000000000000000e+00,0.000000000000000000e+00,2.775557561562891351e-17,0.000000000000000000e+00,2.775557561562891351e-17,2.775557561562891351e-17,0.000000000000000000e+00,2.775557561562891351e-17
3.696912707195024444e-03,2.592483498653486151e-06,4.670203087300000000e+10,2.592480138171044654e-06,0.000000000000000000e+00,1.000000000000000000e+00,0.000000000000000000e+00,0.000000000000000000e+00,1.000000000000000000e+00,0.000000000000000000e+00,0.000000000000000000e+00,1.000000000000000000e+00,0.000000000000000000e+00,0.000000000000000000e+00,1.000000000000000000e+00,0.000000000000000000e+00,8.326672684688674053e-17,5.000000000000000000e-01,8.326672684688674053e-17,8.326672684688674053e-17,5.000000000000000000e-01,8.326672684688674053e-17
3.962688638701478659e-03,2.767052399266223262e-06,9.969356923300000000e+10,2.767048570980264181e-06,0.000000000000000000e+00,1.000000000000000000e+00,0.000000000000000000e+00,0.000000000000000000e+00,1.000000000000000000e+00,0.000000000000000000e+00,0.000000000000000000e+00,1.000000000000000000e+00,0.000000000000000000e+00,0.000000000000000000e+00,1.000000000000000000e+00,0.000000000000000000e+00,2.775557561562891351e-17,0.000000000000000000e+00,2.775557561562891351e-17,2.775557561562891351e-17,0.000000000000000000e+00,2.775557561562891351e-17
4.247571552536898512e-03,2.952490942037533372e-06,2.952490942037533108e+294,2.952486583440441286e-06,0.000000000000000000e+00,0.000000000000000000e+00,0.000000000000000000e+00,0.000000000000000000e+00,0.000000000000000000e+00,0.000000000000000000e+00,0.000000000000000000e+00,0.000000000000000000e+00,0.000000000000000000e+00,0.000000000000000000e+00,0.000000000000000000e+00,0.000000000000000000e+00,0.000000000000000000e+00,0.000000000000000000e+00,0.000000000000000000e+00,0.000000000000000000e+00,0.000000000000000000e+00,0.000000000000000000e+00
4.552935074866947852e-03,3.149347808872882126e-06,5.673360647300000000e+10,3.149342849682277383e-06,0.000000000000000000e+00,1.000000000000000000e+00,0.000000000000000000e+00,0.000000000000000000e+00,1.000000000000000000e+00,0.000000000000000000e+00,0.000000000000000000e+00,1.000000000000000000e+00,0.000000000000000000e+00,0.000000000000000000e+00,1.000000000000000000e+00,0.000000000000000000e+00,5.551115123125782702e-17,0.000000000000000000e+00,5.551115123125782702e-17,5.551115123125782702e-17,0.000000000000000000e+00,5.551115123125782702e-17
4.880251583654433324e-03,3.358180321405557223e-06,2.419823942959999847e+10,3.358174682724333605e-06,0.000000000000000000e+00,1.000000000000000000e+00,0.000000000000000000e+00,0.000000000000000000e+00,1.000000000000000000e+00,0.000000000000000000e+00,0.000000000000000000e+00,1.000000000000000000e+00,0.000000000000000000e+00,0.000000000000000000e+00,1.000000000000000000e+00,0.000000000000000000e+00,1.387778780781445676e-16,0.000000000000000000e+00,1.387778780781445429e-16,1.387778780781445676e-16,0.000000000000000000e+00,1.387778780781445429e-16
5.231099308056257925e-03,3.579551308058315229e-06,4.298897583133333588e+10,3.579544901472175896e-06,0.000000000000000000e+00,1.000000000000000000e+00,0.000000000000000000e+00,0.000000000000000000e+00,1.000000000000000000e+00,0.000000000000000000e+00,0.000000000000000000e+00,1.000000000000000000e+00,0.000000000000000000e+00,0.000000000000000000e+00,1.000000000000000000e+00,0.000000000000000000e+00,8.326672684688674053e-17,0.000000000000000000e+00,8.326672684688674053e-17,2.775557561562891351e-17,6.666666666666666297e-01,2.775557561562891351e-17
5.607169938205458157e-03,3.814025359649697577e-06,3.435368637600000000e+10,3.814018086264222605e-06,0.000000000000000000e+00,1.000000000000000000e+00,0.000000000000000000e+00,0.000000000000000000e+00,1.000000000000000000e+00,0.000000000000000000e+00,0.000000000000000000e+00,1.000000000000000000e+00,0.000000000000000000e+00,0.000000000000000000e+00,1.000000000000000000e+00,0.000000000000000000e+00,1.110223024625156540e-16,0.000000000000000000e+00,1.110223024625156540e-16,1.110223024625156540e-16,0.000000000000000000e+00,1.110223024625156540e-16
6.010276782070381706e-03,4.062164409512902807e-06,4.062164409512902815e+294,4.062156158934230158e-06,0.000000000000000000e+00,0.000000000000000000e+00,0.000000000000000000e+00,0.000000000000000000e+00,0.000000000000000000e+00,0.000000000000000000e+00,0.000000000000000000e+00,0.000000000000000000e+00,0.000000000000000000e+00,0.000000000000000000e+00,0.000000000000000000e+00,0.000000000000000000e+00,5.551115123125782702e-17,5.551115123125782168e+283,5.551115123125782702e-17,5.551115123125782702e-17,5.551115123125782168e+283,5.551115123125782702e-17
6.442363508721370147e-03,4.324522568710520432e-06,3.895183645700000000e+10,4.324513217976275603e-06,0.000000000000000000e+00,1.000000000000000000e+00,0.000000000000000000e+00,0.000000000000000000e+00,1.000000000000000000e+00,0.000000000000000000e+00,0.000000000000000000e+00,1.000000000000000000e+00,0.000000000000000000e+00,0.000000000000000000e+00,1.000000000000000000e+00,0.000000000000000000e+00,5.551115123125782702e-17,5.000000000000000000e-01,5.551115123125782702e-17,1.110223024625156540e-16,0.000000000000000000e+00,1.110223024625156540e-16
6.905513520162331019e-03,4.601640148982344414e-06,8.289577944000000000e+10,4.601629561452554558e-06,0.000000000000000000e+00,1.000000000000000000e+00,0.000000000000000000e+00,0.000000000000000000e+00,1.000000000000000000e+00,0.000000000000000000e+00,0.000000000000000000e+00,1.000000000000000000e+00,0.000000000000000000e+00,0.000000000000000000e+00,1.000000000000000000e+00,0.000000000000000000e+00,0.000000000000000000e+00,1.000000000000000000e+00,0.000000000000000000e+00,5.551115123125782702e-17,0.000000000000000000e+00,5.551115123125782702e-17
7.401959996915637337e-03,4.894036805813684055e-06,8.816312933900000000e+10,4.894024830035092294e-06,0.000000000000000000e+00,1.000000000000000000e+00,0.000000000000000000e+00,0.000000000000000000e+00,1.000000000000000000e+00,0.000000000000000000e+00,0.000000000000000000e+00,1.000000000000000000e+00,0.000000000000000000e+00,0.000000000000000000e+00,1.000000000000000000e+00,0.000000000000000000e+00,5.551115123125782702e-17,0.000000000000000000e+00,5.551115123125782702e-17,0.000000000000000000e+00,1.000000000000000000e+00,0.000000000000000000e+00
7.934096665797491649e-03,5.202203740339861326e-06,2.342864282550000000e+10,5.202190208901447176e-06,0.000000000000000000e+00,1.000000000000000000e+00,0.000000000000000000e+00,0.000000000000000000e+00,1.000000000000000000e+00,0.000000000000000000e+00,0.000000000000000000e+00,1.000000000000000000e+00,0.000000000000000000e+00,0.000000000000000000e+00,1.000000000000000000e+00,0.000000000000000000e+00,1.665334536937734811e-16,2.500000000000000000e-01,1.665334536937734564e-16,1.110223024625156540e-16,5.000000000000000000e-01,1.110223024625156540e-16
8.504489341802676933e-03,5.526594900495673812e-06,4.977914146800000000e+10,5.526579628898209785e-06,0.000000000000000000e+00,1.000000000000000000e+00,0.000000000000000000e+00,0.000000000000000000e+00,1.000000000000000000e+00,0.000000000000000000e+00,0.000000000000000000e+00,1.000000000000000000e+00,0.000000000000000000e+00,0.000000000000000000e+00,1.000000000000000000e+00,0.000000000000000000e+00,1.110223024625156540e-16,0.000000000000000000e+00,1.110223024625156540e-16,5.551115123125782702e-17,5.000000000000000000e-01,5.551115123125782702e-17
9.115888299750818727e-03,5.867617140997705150e-06,3.523386449200000000e+10,5.867599926565917424e-06,0.000000000000000000e+00,1.000000000000000000e+00,0.000000000000000000e+00,0.000000000000000000e+00,1.000000000000000000e+00,0.000000000000000000e+00,0.000000000000000000e+00,1.000000000000000000e+00,0.000000000000000000e+00,0.000000000000000000e+00,1.000000000000000000e+00,0.000000000000000000e+00,1.665334536937734811e-16,0.000000000000000000e+00,1.665334536937734564e-16,1.665334536937734811e-16,0.000000000000000000e+00,1.665334536937734564e-16
9.771241535346501458e-03,6.225619305078033960e-06,1.121507871290000000e+11,6.225599925950384302e-06,0.000000000000000000e+00,1.000000000000000000e+00,0.000000000000000000e+00,0.000000000000000000e+00,1.000000000000000000e+00,0.000000000000000000e+00,0.000000000000000000e+00,1.000000000000000000e+00,0.000000000000000000e+00,0.000000000000000000e+00,1.000000000000000000e+00,0.000000000000000000e+00,5.551115123125782702e-17,0.000000000000000000e+00,5.551115123125782702e-17,0.000000000000000000e+00,1.000000000000000000e+00,0.000000000000000000e+00
1.047370897959449751e-02,6.600880222473737291e-06,3.963696227933333588e+10,6.600858436711817034e-06,0.000000000000000000e+00,1.000000000000000000e+00,0.000000000000000000e+00,0.000000000000000000e+00,1.000000000000000000e+00,0.000000000000000000e+00,0.000000000000000000e+00,1.000000000000000000e+00,0.000000000000000000e+00,0.000000000000000000e+00,1.000000000000000000e+00,0.000000000000000000e+00,1.665334536937734811e-16,0.000000000000000000e+00,1.665334536937734564e-16,1.665334536937734811e-16,0.000000000000000000e+00,1.665334536937734564e-16
1.122667773510813496e-02,6.993595632165394704e-06,6.993595632165394385e+294,6.993571177032471217e-06,0.000000000000000000e+00,0.000000000000000000e+00,0.000000000000000000e+00,0.000000000000000000e+00,0.000000000000000000e+00,0.000000000000000000e+00,0.000000000000000000e+00,0.000000000000000000e+00,0.000000000000000000e+00,0.000000000000000000e+00,0.000000000000000000e+00,0.000000000000000000e+00,0.000000000000000000e+00,0.000000000000000000e+00,0.000000000000000000e+00,0.000000000000000000e+00,0.000000000000000000e+00,0.000000000000000000e+00
1.203377840777589310e-02,7.403864084043476623e-06,7.403864084043476984e+294,7.403836675509433042e-06,0.000000000000000000e+00,0.000000000000000000e+00,0.000000000000000000e+00,0.000000000000000000e+00,0.000000000000000000e+00,0.000000000000000000e+00,0.000000000000000000e+00,0.000000000000000000e+00,0.000000000000000000e+00,0.000000000000000000e+00,0.000000000000000000e+00,0.000000000000000000e+00,0.000000000000000000e+00,0.000000000000000000e+00,0.000000000000000000e+00,0.000000000000000000e+00,0.000000000000000000e+00,0.000000000000000000e+00
1.289890261253308010e-02,7.831671902436276866e-06,7.054142932200000000e+10,7.831641234973943025e-06,0.000000000000000000e+00,1.000000000000000000e+00,0.000000000000000000e+00,0.000000000000000000e+00,1.000000000000000000e+00,0.000000000000000000e+00,0.000000000000000000e+00,1.000000000000000000e+00,0.000000000000000000e+00,0.000000000000000000e+00,1.000000000000000000e+00,0.000000000000000000e+00,1.110223024625156540e-16,0.000000000000000000e+00,1.110223024625156540e-16,0.000000000000000000e+00,1.000000000000000000e+00,0.000000000000000000e+00
1.382622173764654940e-02,8.276877350499312058e-06,7.455148350200000000e+10,8.276843097244477481e-06,0.000000000000000000e+00,1.000000000000000000e+00,0.000000000000000000e+00,0.000000000000000000e+00,1.000000000000000000e+00,0.000000000000000000e+00,0.000000000000000000e+00,1.000000000000000000e+00,0.000000000000000000e+00,0.000000000000000000e+00,1.000000000000000000e+00,0.000000000000000000e+00,1.110223024625156540e-16,0.000000000000000000e+00,1.110223024625156540e-16,1.110223024625156540e-16,0.000000000000000000e+00,1.110223024625156540e-16
1.482020705798858633e-02,8.739194191753618668e-06,7.871566341000000000e+10,8.739156005107297559e-06,0.000000000000000000e+00,1.000000000000000000e+00,0.000000000000000000e+00,0.000000000000000000e+00,1.000000000000000000e+00,0.000000000000000000e+00,0.000000000000000000e+00,1.000000000000000000e+00,0.000000000000000000e+00,0.000000000000000000e+00,1.000000000000000000e+00,0.000000000000000000e+00,1.110223024625156540e-16,0.000000000000000000e+00,1.110223024625156540e-16,1.110223024625156540e-16,0.000000000000000000e+00,1.110223024625156540e-16
1.588565129428052766e-02,9.218174912839494084e-06,1.660598764000000000e+10,9.218132425595683630e-06,0.000000000000000000e+00,1.000000000000000000e+00,0.000000000000000000e+00,0.000000000000000000e+00,1.000000000000000000e+00,0.000000000000000000e+00,0.000000000000000000e+00,1.000000000000000000e+00,0.000000000000000000e+00,1.110223024625156540e-16,8.000000000000000444e-01,1.110223024625156540e-16,4.440892098500626162e-16,2.000000000000000111e-01,4.440892098500625176e-16,3.330669073875469621e-16,4.000000000000000222e-01,3.330669073875469128e-16
1.702769172225899671e-02,9.713193944937970059e-06,2.187216831450000000e+10,9.713146772022397308e-06,0.000000000000000000e+00,1.000000000000000000e+00,0.000000000000000000e+00,0.000000000000000000e+00,1.000000000000000000e+00,0.000000000000000000e+00,0.000000000000000000e+00,1.000000000000000000e+00,0.000000000000000000e+00,0.000000000000000000e+00,1.000000000000000000e+00,0.000000000000000000e+00,4.440892098500626162e-16,0.000000000000000000e+00,4.440892098500625176e-16,2.220446049250313081e-16,5.000000000000000000e-01,2.220446049250312834e-16
1.825183494319042310e-02,1.022343131740210964e-05,1.841689658759999847e+10,1.022337905830624675e-05,0.000000000000000000e+00,1.000000000000000000e+00,0.000000000000000000e+00,0.000000000000000000e+00,1.000000000000000000e+00,0.000000000000000000e+00,0.000000000000000000e+00,1.000000000000000000e+00,0.000000000000000000e+00,0.000000000000000000e+00,1.000000000000000000e+00,0.000000000000000000e+00,5.551115123125782702e-16,0.000000000000000000e+00,5.551115123125781716e-16,4.440892098500626162e-16,2.000000000000000111e-01,4.440892098500625176e-16
1.956398343517062877e-02,1.074785725774241030e-05,1.613468197933333397e+10,1.074779949973151864e-05,0.000000000000000000e+00,1.000000000000000000e+00,0.000000000000000000e+00,0.000000000000000000e+00,1.000000000000000000e+00,0.000000000000000000e+00,0.000000000000000000e+00,1.000000000000000000e+00,0.000000000000000000e+00,2.220446049250313081e-16,6.666666666666666297e-01,2.220446049250312834e-16,6.661338147750939243e-16,0.000000000000000000e+00,6.661338147750937270e-16,4.440892098500626162e-16,3.333333333333333148e-01,4.440892098500625176e-16
2.097046401323232959e-02,1.128521836213369767e-05,2.032964208320000076e+10,1.128515468429649744e-05,0.000000000000000000e+00,1.000000000000000000e+00,0.000000000000000000e+00,0.000000000000000000e+00,1.000000000000000000e+00,0.000000000000000000e+00,0.000000000000000000e+00,1.000000000000000000e+00,0.000000000000000000e+00,1.110223024625156540e-16,8.000000000000000444e-01,1.110223024625156540e-16,7.771561172376095783e-16,4.000000000000000222e-01,7.771561172376092825e-16,5.551115123125782702e-16,0.000000000000000000e+00,5.551115123125781716e-16
2.247805833548725124e-02,1.183402605486882919e-05,1.776523844266666794e+10,1.183395603305871016e-05,0.000000000000000000e+00,1.000000000000000000e+00,0.000000000000000000e+00,0.000000000000000000e+00,1.000000000000000000e+00,0.000000000000000000e+00,0.000000000000000000e+00,1.000000000000000000e+00,0.000000000000000000e+00,0.000000000000000000e+00,1.000000000000000000e+00,0.000000000000000000e+00,6.661338147750939243e-16,0.000000000000000000e+00,6.661338147750937270e-16,4.440892098500626162e-16,3.333333333333333148e-01,4.440892098500625176e-16
2.409403560239524456e-02,1.239254815388335373e-05,2.790553762300000000e+10,1.239247136657567920e-05,0.000000000000000000e+00,1.000000000000000000e+00,0.000000000000000000e+00,0.000000000000000000e+00,1.000000000000000000e+00,0.000000000000000000e+00,0.000000000000000000e+00,1.000000000000000000e+00,0.000000000000000000e+00,0.000000000000000000e+00,1.000000000000000000e+00,0.000000000000000000e+00,4.440892098500626162e-16,0.000000000000000000e+00,4.440892098500625176e-16,4.440892098500626162e-16,0.000000000000000000e+00,4.440892098500625176e-16
2.582618760682674902e-02,1.295880444107666563e-05,2.918063342500000000e+10,1.295872047613308949e-05,0.000000000000000000e+00,1.000000000000000000e+00,0.000000000000000000e+00,0.000000000000000000e+00,1.000000000000000000e+00,0.000000000000000000e+00,0.000000000000000000e+00,1.000000000000000000e+00,0.000000000000000000e+00,0.000000000000000000e+00,1.000000000000000000e+00,0.000000000000000000e+00,4.440892098500626162e-16,0.000000000000000000e+00,4.440892098500625176e-16,4.440892098500626162e-16,0.000000000000000000e+00,4.440892098500625176e-16
2.768286630392063907e-02,1.353056721220546876e-05,3.046812872650000000e+10,1.353047567449377780e-05,0.000000000000000000e+00,1.000000000000000000e+00,0.000000000000000000e+00,0.000000000000000000e+00,1.000000000000000000e+00,0.000000000000000000e+00,0.000000000000000000e+00,1.000000000000000000e+00,0.000000000000000000e+00,0.000000000000000000e+00,1.000000000000000000e+00,0.000000000000000000e+00,4.440892098500626162e-16,0.000000000000000000e+00,4.440892098500625176e-16,2.220446049250313081e-16,5.000000000000000000e-01,2.220446049250312834e-16
2.967302408188869645e-02,1.410536781132343265e-05,2.117497640533333206e+10,1.410526833109062307e-05,0.000000000000000000e+00,1.000000000000000000e+00,0.000000000000000000e+00,0.000000000000000000e+00,1.000000000000000000e+00,0.000000000000000000e+00,0.000000000000000000e+00,1.000000000000000000e+00,0.000000000000000000e+00,2.220446049250313081e-16,6.666666666666666297e-01,2.220446049250312834e-16,8.881784197001252323e-16,3.333333333333333148e-01,8.881784197001249365e-16,4.440892098500626162e-16,3.333333333333333148e-01,4.440892098500625176e-16
3.180625692794119413e-02,1.468051015440785534e-05,1.468051015440785486e+295,1.468040239624597486e-05,0.000000000000000000e+00,0.000000000000000000e+00,0.000000000000000000e+00,0.000000000000000000e+00,0.000000000000000000e+00,0.000000000000000000e+00,0.000000000000000000e+00,0.000000000000000000e+00,0.000000000000000000e+00,0.000000000000000000e+00,0.000000000000000000e+00,0.000000000000000000e+00,0.000000000000000000e+00,0.000000000000000000e+00,0.000000000000000000e+00,0.000000000000000000e+00,0.000000000000000000e+00,0.000000000000000000e+00
3.409285069746811198e-02,1.525309218552983737e-05,6.869382028200000000e+10,1.525297585771068128e-05,0.000000000000000000e+00,1.000000000000000000e+00,0.000000000000000000e+00,0.000000000000000000e+00,1.000000000000000000e+00,0.000000000000000000e+00,0.000000000000000000e+00,1.000000000000000000e+00,0.000000000000000000e+00,0.000000000000000000e+00,1.000000000000000000e+00,0.000000000000000000e+00,0.000000000000000000e+00,1.000000000000000000e+00,0.000000000000000000e+00,4.440892098500626162e-16,1.000000000000000000e+00,4.440892098500625176e-16
3.654383070957254592e-02,1.582003609090776308e-05,3.562355432100000000e+10,1.581991095479669173e-05,0.000000000000000000e+00,1.000000000000000000e+00,0.000000000000000000e+00,0.000000000000000000e+00,1.000000000000000000e+00,0.000000000000000000e+00,0.000000000000000000e+00,1.000000000000000000e+00,0.000000000000000000e+00,0.000000000000000000e+00,1.000000000000000000e+00,0.000000000000000000e+00,2.220446049250313081e-16,5.000000000000000000e-01,2.220446049250312834e-16,8.881784197001252323e-16,1.000000000000000000e+00,8.881784197001249365e-16
3.917101490809256348e-02,1.637812786503545226e-05,1.844013263650000000e+10,1.637799374423148807e-05,0.000000000000000000e+00,1.000000000000000000e+00,0.000000000000000000e+00,0.000000000000000000e+00,1.000000000000000000e+00,0.000000000000000000e+00,0.000000000000000000e+00,1.000000000000000000e+00,0.000000000000000000e+00,0.000000000000000000e+00,1.000000000000000000e+00,0.000000000000000000e+00,8.881784197001252323e-16,0.000000000000000000e+00,8.881784197001249365e-16,8.881784197001252323e-16,0.000000000000000000e+00,8.881784197001249365e-16
4.198707084443910331e-02,1.692406654463241011e-05,3.810960989100000000e+10,1.692392333342611233e-05,0.000000000000000000e+00,1.000000000000000000e+00,0.000000000000000000e+00,0.000000000000000000e+00,1.000000000000000000e+00,0.000000000000000000e+00,0.000000000000000000e+00,1.000000000000000000e+00,0.000000000000000000e+00,0.000000000000000000e+00,1.000000000000000000e+00,0.000000000000000000e+00,0.000000000000000000e+00,1.000000000000000000e+00,0.000000000000000000e+00,4.440892098500626162e-16,0.000000000000000000e+00,4.440892098500625176e-16
4.500557675700497806e-02,1.745452297985394807e-05,3.930409159300000000e+10,1.745437065055400038e-05,0.000000000000000000e+00,1.000000000000000000e+00,0.000000000000000000e+00,0.000000000000000000e+00,1.000000000000000000e+00,0.000000000000000000e+00,0.000000000000000000e+00,1.000000000000000000e+00,0.000000000000000000e+00,0.000000000000000000e+00,1.000000000000000000e+00,0.000000000000000000e+00,0.000000000000000000e+00,1.000000000000000000e+00,0.000000000000000000e+00,8.881784197001252323e-16,1.000000000000000000e+00,8.881784197001249365e-16
4.824108704165368938e-02,1.796620753458100239e-05,2.022815138850000000e+10,1.796604614324094509e-05,0.000000000000000000e+00,1.000000000000000000e+00,0.000000000000000000e+00,0.000000000000000000e+00,1.000000000000000000e+00,0.000000000000000000e+00,0.000000000000000000e+00,1.000000000000000000e+00,0.000000000000000000e+00,0.000000000000000000e+00,1.000000000000000000e+00,0.000000000000000000e+00,4.440892098500626162e-16,5.000000000000000000e-01,4.440892098500625176e-16,8.881784197001252323e-16,0.000000000000000000e+00,8.881784197001249365e-16
5.170920242896755170e-02,1.845594544880313492e-05,4.155909452200000000e+10,1.845577513888967491e-05,0.000000000000000000e+00,1.000000000000000000e+00,0.000000000000000000e+00,0.000000000000000000e+00,1.000000000000000000e+00,0.000000000000000000e+00,0.000000000000000000e+00,1.000000000000000000e+00,0.000000000000000000e+00,0.000000000000000000e+00,1.000000000000000000e+00,0.000000000000000000e+00,4.440892098500626162e-16,0.000000000000000000e+00,4.440892098500625176e-16,4.440892098500626162e-16,0.000000000000000000e+00,4.440892098500625176e-16
5.542664520663101446e-02,1.892075793730185751e-05,4.260575919700000000e+10,1.892057894089031294e-05,0.000000000000000000e+00,1.000000000000000000e+00,0.000000000000000000e+00,0.000000000000000000e+00,1.000000000000000000e+00,0.000000000000000000e+00,0.000000000000000000e+00,1.000000000000000000e+00,0.000000000000000000e+00,0.000000000000000000e+00,1.000000000000000000e+00,0.000000000000000000e+00,4.440892098500626162e-16,0.000000000000000000e+00,4.440892098500625176e-16,8.881784197001252323e-16,1.000000000000000000e+00,8.881784197001249365e-16
5.941133984965033671e-02,1.935794632590415176e-05,4.359021992900000000e+10,1.935775896207016691e-05,0.000000000000000000e+00,1.000000000000000000e+00,0.000000000000000000e+00,0.000000000000000000e+00,1.000000000000000000e+00,0.000000000000000000e+00,0.000000000000000000e+00,1.000000000000000000e+00,0.000000000000000000e+00,0.000000000000000000e+00,1.000000000000000000e+00,0.000000000000000000e+00,0.000000000000000000e+00,1.000000000000000000e+00,0.000000000000000000e+00,4.440892098500626162e-16,0.000000000000000000e+00,4.440892098500625176e-16
6.368249944718586131e-02,1.976517581336878493e-05,1.976517581336878428e+295,1.976498048356823301e-05,0.000000000000000000e+00,0.000000000000000000e+00,0.000000000000000000e+00,0.000000000000000000e+00,0.000000000000000000e+00,0.000000000000000000e+00,0.000000000000000000e+00,0.000000000000000000e+00,0.000000000000000000e+00,0.000000000000000000e+00,0.000000000000000000e+00,0.000000000000000000e+00,0.000000000000000000e+00,0.000000000000000000e+00,0.000000000000000000e+00,4.440892098500626162e-16,4.440892098500625734e+284,4.440892098500625176e-16
6.826071834272386119e-02,2.014055475285658758e-05,2.267624871900000000e+10,2.014035193324534683e-05,0.000000000000000000e+00,1.000000000000000000e+00,0.000000000000000000e+00,0.000000000000000000e+00,1.000000000000000000e+00,0.000000000000000000e+00,0.000000000000000000e+00,1.000000000000000000e+00,0.000000000000000000e+00,4.440892098500626162e-16,5.000000000000000000e-01,4.440892098500625176e-16,8.881784197001252323e-16,0.000000000000000000e+00,8.881784197001249365e-16,4.440892098500626162e-16,5.000000000000000000e-01,4.440892098500625176e-16
7.316807143427192517e-02,2.048270488375081300e-05,2.048270488375081254e+295,2.048249511458334973e-05,0.000000000000000000e+00,0.000000000000000000e+00,0.000000000000000000e+00,0.000000000000000000e+00,0.000000000000000000e+00,0.000000000000000000e+00,0.000000000000000000e+00,0.000000000000000000e+00,0.000000000000000000e+00,0.000000000000000000e+00,0.000000000000000000e+00,0.000000000000000000e+00,4.440892098500626162e-16,4.440892098500625734e+284,4.440892098500625176e-16,4.440892098500626162e-16,4.440892098500625734e+284,4.440892098500625176e-16
7.842822061337681450e-02,2.079081765726797926e-05,1.560558644133333397e+10,2.079060152971637683e-05,0.000000000000000000e+00,1.000000000000000000e+00,0.000000000000000000e+00,0.000000000000000000e+00,1.000000000000000000e+00,0.000000000000000000e+00,0.000000000000000000e+00,1.000000000000000000e+00,0.000000000000000000e+00,4.440892098500626162e-16,6.666666666666666297e-01,4.440892098500625176e-16,1.332267629550187849e-15,0.000000000000000000e+00,1.332267629550187060e-15,1.332267629550187849e-15,0.000000000000000000e+00,1.332267629550187060e-15
8.406652885618325077e-02,2.106469191565096821e-05,4.743346933000000000e+10,2.106447005658601836e-05,0.000000000000000000e+00,1.000000000000000000e+00,0.000000000000000000e+00,0.000000000000000000e+00,1.000000000000000000e+00,0.000000000000000000e+00,0.000000000000000000e+00,1.000000000000000000e+00,0.000000000000000000e+00,0.000000000000000000e+00,1.000000000000000000e+00,0.000000000000000000e+00,1.332267629550187849e-15,2.000000000000000000e+00,1.332267629550187060e-15,4.440892098500626162e-16,0.000000000000000000e+00,4.440892098500625176e-16
9.011018251665019185e-02,2.130474874206811364e-05,2.398701462300000000e+10,2.130452179752030363e-05,0.000000000000000000e+00,1.000000000000000000e+00,0.000000000000000000e+00,0.000000000000000000e+00,1.000000000000000000e+00,0.000000000000000000e+00,0.000000000000000000e+00,1.000000000000000000e+00,0.000000000000000000e+00,8.881784197001252323e-16,0.000000000000000000e+00,8.881784197001249365e-16,1.776356839400250465e-15,1.000000000000000000e+00,1.776356839400248690e-15,8.881784197001252323e-16,0.000000000000000000e+00,8.881784197001249365e-16
9.658832241158699095e-02,2.151202026023923963e-05,2.422038160600000000e+10,2.151178887839057125e-05,0.000000000000000000e+00,1.000000000000000000e+00,0.000000000000000000e+00,0.000000000000000000e+00,1.000000000000000000e+00,0.000000000000000000e+00,0.000000000000000000e+00,1.000000000000000000e+00,0.000000000000000000e+00,0.000000000000000000e+00,1.000000000000000000e+00,0.000000000000000000e+00,8.881784197001252323e-16,0.000000000000000000e+00,8.881784197001249365e-16,8.881784197001252323e-16,0.000000000000000000e+00,8.881784197001249365e-16
1.035321843295661515e-01,2.168811080593968654e-05,2.441864193500000000e+10,2.168787562056476471e-05,0.000000000000000000e+00,1.000000000000000000e+00,0.000000000000000000e+00,0.000000000000000000e+00,1.000000000000000000e+00,0.000000000000000000e+00,0.000000000000000000e+00,1.000000000000000000e+00,0.000000000000000000e+00,0.000000000000000000e+00,1.000000000000000000e+00,0.000000000000000000e+00,1.776356839400250465e-15,1.000000000000000000e+00,1.776356839400248690e-15,0.000000000000000000e+00,1.000000000000000000e+00,0.000000000000000000e+00
1.109752496412072104e-01,2.183513070974640868e-05,1.229208581500000000e+10,2.183489232501491196e-05,0.000000000000000000e+00,1.000000000000000000e+00,0.000000000000000000e+00,0.000000000000000000e+00,1.000000000000000000e+00,0.000000000000000000e+00,0.000000000000000000e+00,1.000000000000000000e+00,0.000000000000000000e+00,8.881784197001252323e-16,5.000000000000000000e-01,8.881784197001249365e-16,8.881784197001252323e-16,5.000000000000000000e-01,8.881784197001249365e-16,0.000000000000000000e+00,1.000000000000000000e+00,0.000000000000000000e+00
1.189534067370319470e-01,2.195560531426110629e-05,2.195560531426110783e+295,2.195536429172268179e-05,0.000000000000000000e+00,0.000000000000000000e+00,0.000000000000000000e+00,0.000000000000000000e+00,0.000000000000000000e+00,0.000000000000000000e+00,0.000000000000000000e+00,0.000000000000000000e+00,0.000000000000000000e+00,0.000000000000000000e+00,0.000000000000000000e+00,0.000000000000000000e+00,0.000000000000000000e+00,0.000000000000000000e+00,0.000000000000000000e+00,0.000000000000000000e+00,0.000000000000000000e+00,0.000000000000000000e+00
1.275051240713012957e-01,2.205236411612077063e-05,8.276251567000000000e+09,2.205212096452657453e-05,0.000000000000000000e+00,1.000000000000000000e+00,0.000000000000000000e+00,0.000000000000000000e+00,1.000000000000000000e+00,0.000000000000000000e+00,0.000000000000000000e+00,1.000000000000000000e+00,0.000000000000000000e+00,1.776356839400250465e-15,3.333333333333333148e-01,1.776356839400248690e-15,1.776356839400250465e-15,3.333333333333333148e-01,1.776356839400248690e-15,1.776356839400250465e-15,3.333333333333333148e-01,1.776356839400248690e-15
1.366716356462006066e-01,2.212841704274381982e-05,8.304794228000000000e+09,2.212817221112932780e-05,0.000000000000000000e+00,1.000000000000000000e+00,0.000000000000000000e+00,0.000000000000000000e+00,1.000000000000000000e+00,0.000000000000000000e+00,0.000000000000000000e+00,1.000000000000000000e+00,0.000000000000000000e+00,2.664535259100375697e-15,0.000000000000000000e+00,2.664535259100372147e-15,3.552713678800500929e-15,3.333333333333333148e-01,3.552713678800494618e-15,3.552713678800500929e-15,3.333333333333333148e-01,3.552713678800494618e-15
1.464971398307284844e-01,2.218682651022874097e-05,8.326715290333333015e+08,2.218658038441369967e-05,0.000000000000000000e+00,1.000000000000000000e+00,0.000000000000000000e+00,0.000000000000000000e+00,1.000000000000000000e+00,0.000000000000000000e+00,0.000000000000000000e+00,1.000000000000000000e+00,0.000000000000000000e+00,2.664535259100375697e-14,0.000000000000000000e+00,2.664535259100340356e-14,2.575717417130363174e-14,3.333333333333333287e-02,2.575717417130330042e-14,2.575717417130363174e-14,3.333333333333333287e-02,2.575717417130330042e-14
1.570290124729377401e-01,2.223058459005500254e-05,1.738153678819444478e+08,2.223033749244043982e-05,0.000000000000000000e+00,1.000000000000000000e+00,0.000000000000000000e+00,0.000000000000000000e+00,1.000000000000000000e+00,0.000000000000000000e+00,0.000000000000000000e+00,1.000000000000000000e+00,0.000000000000000000e+00,1.278976924368180335e-13,0.000000000000000000e+00,1.278976924368098545e-13,1.270095140171179082e-13,6.944444444444444059e-03,1.270095140171098303e-13,1.270095140171179082e-13,6.944444444444444059e-03,1.270095140171098303e-13
1.683180353330956669e-01,2.226250448789102165e-05,3.763566225675676018e+07,2.226225668017692809e-05,0.000000000000000000e+00,1.000000000000000000e+00,0.000000000000000000e+00,0.000000000000000000e+00,1.000000000000000000e+00,0.000000000000000000e+00,2.930988785010413267e-14,9.504504504504504014e-01,2.930988785010370353e-14,5.915268275202834047e-13,0.000000000000000000e+00,5.915268275201084165e-13,5.924150059399835300e-13,1.501501501501501488e-03,5.924150059398080368e-13,5.915268275202834047e-13,0.000000000000000000e+00,5.915268275201084165e-13
1.804186409392071755e-01,2.228513421087541246e-05,8.856628202965054661e+06,2.228488589911657255e-05,0.000000000000000000e+00,1.000000000000000000e+00,0.000000000000000000e+00,0.000000000000000000e+00,1.000000000000000000e+00,0.000000000000000000e+00,1.953104344920575386e-12,2.237910342393222840e-01,1.953104344918668185e-12,2.516209463010454783e-12,0.000000000000000000e+00,2.516209463007289040e-12,2.516209463010454783e-12,0.000000000000000000e+00,2.516209463007289040e-12,2.516209463010454783e-12,0.000000000000000000e+00,2.516209463007289040e-12
1.933891750455229985e-01,2.230069883069063508e-05,2.228683070300017949e+06,2.230045017195488900e-05,0.000000000000000000e+00,1.000000000000000000e+00,0.000000000000000000e+00,0.000000000000000000e+00,1.000000000000000000e+00,0.000000000000000000e+00,9.443112958251731470e-12,5.627551926149476635e-02,9.443112958207146112e-12,1.000621807634161087e-11,0.000000000000000000e+00,1.000621807629154867e-11,1.000621807634161087e-11,0.000000000000000000e+00,1.000621807629154867e-11,1.000621807634161087e-11,0.000000000000000000e+00,1.000621807629154867e-11
2.072921779595369718e-01,2.231107683847710632e-05,5.981521415849128971e+05,2.231082794825326970e-05,0.000000000000000000e+00,1.000000000000000000e+00,0.000000000000000000e+00,0.000000000000000000e+00,1.000000000000000000e+00,0.000000000000000000e+00,3.673683579563657986e-11,1.509667587389275194e-02,3.673683579496178143e-11,3.729994091372645926e-11,0.000000000000000000e+00,3.729994091303081329e-11,3.729994091372645926e-11,0.000000000000000000e+00,3.729994091303081329e-11,3.729994091372645926e-11,0.000000000000000000e+00,3.729994091303081329e-11
2.221946860939523760e-01,2.231781944139754614e-05,1.704690806637630449e+05,2.231757040071792033e-05,0.000000000000000000e+00,1.000000000000000000e+00,0.000000000000000000e+00,0.000000000000000000e+00,1.000000000000000000e+00,0.000000000000000000e+00,1.303543939457085798e-10,4.314731143403752883e-03,1.303543939372124527e-10,1.309192754206378595e-10,0.000000000000000000e+00,1.309192754120679323e-10,1.309174990637984592e-10,1.356833692894261923e-05,1.309174990552287647e-10,1.309174990637984592e-10,1.356833692894261923e-05,1.309174990552287647e-10
2.381685551976158166e-01,2.232223636866592642e-05,5.139092424310585193e+04,2.232198722940146064e-05,0.000000000000000000e+00,1.000000000000000000e+00,0.000000000000000000e+00,0.000000000000000000e+00,1.000000000000000000e+00,0.000000000000000000e+00,4.337898928952199640e-10,1.296422772872455687e-03,4.337898928011331324e-10,4.343529980133098434e-10,0.000000000000000000e+00,4.343529979189785282e-10,4.343547743701492436e-10,4.089661744077147047e-06,4.343547742758172047e-10,4.343547743701492436e-10,4.089661744077147047e-06,4.343547742758172047e-10
2.552908068239516659e-01,2.232561350012929324e-05,1.633092871659727462e+04,2.232536428547483956e-05,0.000000000000000000e+00,1.000000000000000000e+00,0.000000000000000000e+00,6.135874031087951153e-10,5.511404096950417442e-01,6.135874029205503145e-10,1.366428747928694065e-09,4.119301200185043798e-04,1.366428746995130168e-09,1.366991853046783945e-09,0.000000000000000000e+00,1.366991852112450562e-09,1.366991853046783945e-09,0.000000000000000000e+00,1.366991852112450562e-09,1.366991853046783945e-09,0.000000000000000000e+00,1.366991852112450562e-09
2.736439997074668895e-01,2.232973242044522522e-05,5.452640696787561865e+03,2.232948311382589385e-05,0.000000000000000000e+00,1.000000000000000000e+00,0.000000000000000000e+00,3.341058985029121686e-09,1.840056607915563636e-01,3.341058979447784610e-09,4.093900329849020636e-09,1.375284276032135680e-04,4.093900321469011015e-09,4.094463434967110516e-09,0.000000000000000000e+00,4.094463426584794715e-09,4.094463434967110516e-09,0.000000000000000000e+00,4.094463426584794715e-09,4.094463434967110516e-09,0.000000000000000000e+00,4.094463426584794715e-09
2.933166278390042514e-01,2.233810205964914530e-05,1.906979806893270279e+03,2.233785256610507203e-05,0.000000000000000000e+00,1.000000000000000000e+00,0.000000000000000000e+00,1.095431834130522475e-08,6.435120863534866953e-02,1.095431828130667991e-08,1.170715613341144490e-08,4.855206366753488621e-05,1.170715606488269429e-08,1.170772456760005298e-08,0.000000000000000000e+00,1.170772449906464687e-08,1.170772456760005298e-08,0.000000000000000000e+00,1.170772449906464687e-08,1.170772456760005298e-08,0.000000000000000000e+00,1.170772449906464687e-08
3.144035471591500319e-01,2.235883642143221550e-05,6.966085223602190126e+02,2.235858646451207348e-05,0.000000000000000000e+00,1.000000000000000000e+00,0.000000000000000000e+00,3.129728654016616929e-08,2.350670644733207637e-02,3.129728605040610098e-08,3.205012077955871064e-08,1.784631946818411322e-05,3.205012026595359945e-08,3.205069276646099752e-08,0.000000000000000000e+00,3.205069225283754939e-08,3.205068921374731872e-08,1.108467047713299052e-07,3.205068870012398309e-08,3.205068921374731872e-08,1.108467047713299052e-07,3.205068870012398309e-08
3.370064329271928449e-01,2.241120531465412569e-05,2.650795785104813262e+02,2.241095418546833675e-05,0.000000000000000000e+00,1.000000000000000000e+00,0.000000000000000000e+00,8.347405078268366196e-08,8.944858744570195405e-03,8.347404729872518274e-08,8.422688857478988211e-08,6.706619418603162219e-06,8.422688502770561075e-08,8.422745345626481139e-08,0.000000000000000000e+00,8.422744990913296060e-08,8.422745523262165079e-08,2.108999817170805898e-08,8.422745168548964118e-08,8.422745523262165079e-08,2.108999817170805898e-08,8.422745168548964118e-08
3.612342699709430449e-01,2.254007956281611769e-05,1.048157307722168525e+02,2.253982553713135994e-05,6.262081342356395908e-08,7.060229039787296879e-01,6.262081146288085219e-08,2.122591560294040391e-07,3.536893214975456428e-03,2.122591335024309874e-07,2.130119920451534199e-07,2.660208558683158204e-06,2.130119693581006703e-07,2.130125587029851886e-07,0.000000000000000000e+00,2.130125360158117103e-07,2.130125587029851886e-07,0.000000000000000000e+00,2.130125360158117103e-07,2.130125622556988674e-07,1.667842356541165268e-08,2.130125395685246479e-07
3.872038781812552899e-01,2.284674723895818715e-05,4.296638082504772882e+01,2.284648625401604368e-05,3.692495518237137730e-07,2.894145391832200764e-01,3.692494836511063700e-07,5.188878962059106925e-07,1.449851417132779320e-03,5.188877615836094996e-07,5.196407339980169127e-07,1.087060393674135673e-06,5.196405989847940269e-07,5.196412988794918419e-07,0.000000000000000000e+00,5.196411638659754593e-07,5.196413006558486813e-07,3.418428910924955073e-09,5.196411656423314516e-07,5.196413006558486813e-07,3.418428910924955073e-09,5.196411656423314516e-07
4.150404757850472692e-01,2.355256563646435097e-05,1.821962198255271659e+01,2.355228827696783598e-05,1.075052004750887136e-06,1.227243153965260763e-01,1.075051426882687813e-06,1.224690347356727216e-06,6.147998825425613498e-04,1.224689597423809928e-06,1.225443181596119757e-06,4.638598781821045199e-07,1.225442430740930974e-06,1.225443750030308365e-06,0.000000000000000000e+00,1.225442999174422897e-06,1.225443750030308365e-06,0.000000000000000000e+00,1.225442999174422897e-06,1.225443750030308365e-06,0.000000000000000000e+00,1.225442999174422897e-06
4.448782831127585102e-01,2.512647077423935116e-05,7.975846337934766161e+00,2.512615510711644075e-05,2.648951046069214499e-06,5.372394874470341752e-02,2.648947537601490085e-06,2.798589392227768258e-06,2.691355538712077861e-04,2.798585476180127931e-06,2.799342230019874478e-06,2.017907474419139157e-07,2.799338311865070288e-06,2.799342794901349407e-06,0.000000000000000000e+00,2.799338876744963807e-06,2.799342794901349407e-06,0.000000000000000000e+00,2.799338876744963807e-06,2.799342798454063086e-06,1.269124197747886375e-09,2.799338880297667745e-06
4.768611697714469355e-01,2.853317854700776479e-05,3.597640345823672980e+00,2.853277147974041966e-05,6.055656658787711422e-06,2.423309309793369656e-02,6.055638323335937805e-06,6.205295004946265180e-06,1.213981303555599565e-04,6.205275752143039127e-06,6.206047842738371401e-06,9.102111969280044992e-08,6.206028585263296163e-06,6.206048407619846330e-06,0.000000000000000000e+00,6.206029150141264376e-06,6.206048407619846330e-06,0.000000000000000000e+00,6.206029150141264376e-06,6.206048407619846330e-06,0.000000000000000000e+00,6.206029150141264376e-06
5.111433483440165348e-01,3.570354533977138090e-05,1.669141671514831060e+00,3.570290797578187304e-05,1.322602274100859177e-05,1.124305414273208195e-02,1.322593527755541627e-05,1.337566108361443185e-05,5.632374650027578174e-05,1.337557162985855492e-05,1.337641392140653807e-05,4.276085363304065874e-08,1.337632445758074213e-05,1.337641449339344035e-05,0.000000000000000000e+00,1.337632502955999232e-05,1.337641448628801299e-05,5.311907283607535857e-10,1.337632502245465983e-05,1.337641448984072667e-05,2.655953641803767928e-10,1.337632502600732777e-05
5.478901179593939075e-01,5.040397924105377570e-05,7.952150082943387766e-01,5.040270898183424244e-05,2.792645643268087952e-05,5.356432739881365757e-03,2.792606649282632401e-05,2.807609477883943327e-05,2.683359145978577603e-05,2.807570064897896785e-05,2.807684761307882582e-05,2.024565524353838424e-08,2.807645346208172723e-05,2.807684818151301442e-05,0.000000000000000000e+00,2.807645403049996113e-05,2.807684818151301442e-05,0.000000000000000000e+00,2.807645403049996113e-05,2.807684818151301442e-05,0.000000000000000000e+00,2.807645403049996113e-05
5.872786613189476812e-01,7.980658617867675275e-05,3.884367222535456410e-01,7.980340171779223162e-05,5.732906330990772403e-05,2.616443539321056111e-03,5.732742003056043111e-05,5.747870165251356411e-05,1.310740029676519038e-05,5.747704978359097856e-05,5.747945449030567033e-05,9.889345471824348351e-09,5.747780257811190523e-05,5.747945505873985894e-05,0.000000000000000000e+00,5.747780314651341869e-05,5.747945505873985894e-05,0.000000000000000000e+00,5.747780314651341869e-05,5.747945505873985894e-05,0.000000000000000000e+00,5.747780314651341869e-05
6.294988990221888070e-01,1.372642739916329901e-04,1.942551431444125842e-01,1.372548536822046632e-04,1.147867511086531067e-04,1.308469495109566665e-03,1.147801633616025204e-04,1.149363894477062331e-04,6.554941314769690647e-06,1.149297845139480911e-04,1.149371422854983393e-04,4.945609178144203662e-09,1.149305372652164323e-04,1.149371428539325279e-04,0.000000000000000000e+00,1.149305378335852842e-04,1.149371428539325279e-04,0.000000000000000000e+00,1.149305378335852842e-04,1.149371428539325279e-04,0.000000000000000000e+00,1.149305378335852842e-04
6.747544053110693385e-01,2.471180184677734815e-04,9.932400466404081585e-02,2.470874873252313308e-04,2.246404955776881707e-04,6.690295617441251955e-04,2.246152657908074440e-04,2.247901339202940107e-04,3.351587047211869561e-06,2.247648705111638767e-04,2.247908867616388306e-04,2.512919814710995239e-09,2.247656231832961251e-04,2.247908873265203056e-04,0.000000000000000000e+00,2.247656237480506671e-04,2.247908873265203056e-04,0.000000000000000000e+00,2.247656237480506671e-04,2.247908873265203056e-04,0.000000000000000000e+00,2.247656237480506671e-04
7.232633896483533498e-01,4.528703225332719740e-04,5.185805185492015773e-02,4.527677922469816379e-04,4.303927996467393768e-04,3.493069794965440061e-04,4.303001939518300706e-04,4.305424379893452169e-04,1.749880467132277691e-06,4.304497678938370704e-04,4.305431908271373231e-04,1.303768756486986680e-09,4.304505204075700919e-04,4.305431913884660844e-04,0.000000000000000000e+00,4.304505209686571303e-04,4.305431913955715117e-04,1.650340198084793233e-11,4.304505209757595761e-04,4.305431913920187981e-04,8.251700990423966167e-12,4.304505209722083803e-04
7.752597488629456857e-01,8.308426243601729766e-04,2.761497006366915932e-02,8.304975701954647651e-04,8.083651014665349521e-04,1.860097346880740232e-04,8.080384624183648478e-04,8.085147398197989332e-04,9.318301593306320528e-07,8.081879798468972293e-04,8.085154926469328984e-04,7.074532363129436780e-10,8.081887320656051246e-04,8.085154932189198007e-04,0.000000000000000000e+00,8.081887326371296146e-04,8.085154932189198007e-04,0.000000000000000000e+00,8.081887326371296146e-04,8.085154932224725144e-04,4.394119480204619163e-12,8.081887326406795094e-04
8.309941949353386592e-01,1.512630162629591268e-03,1.498160486123113061e-02,1.511486714235986363e-03,1.490152639739505958e-03,1.009135361430094112e-04,1.489042913583541383e-03,1.490302278085664511e-03,5.055365638146357754e-07,1.489192329100602098e-03,1.490303030927009331e-03,3.766541095268996778e-10,1.489193080820820940e-03,1.490303031488338092e-03,0.000000000000000000e+00,1.489193081381313998e-03,1.490303031491890806e-03,2.383886769157593051e-12,1.489193081384861291e-03,1.490303031491890806e-03,2.383886769157593051e-12,1.489193081384861291e-03
8.907354638610439634e-01,2.721469979526602856e-03,8.271933867675605387e-03,2.717770137199520836e-03,2.698992456636517545e-03,5.571833625704565628e-05,2.695353451115060830e-03,2.699142094982676099e-03,2.791266397893098979e-07,2.695502686121820611e-03,2.699142847820468205e-03,2.092818004305316942e-10,2.695503436930336231e-03,2.699142848385349680e-03,0.000000000000000000e+00,2.695503437493695052e-03,2.699142848392455107e-03,2.632475477113606328e-12,2.695503437500781831e-03,2.699142848392455107e-03,2.632475477113606328e-12,2.695503437500781831e-03
9.547716114208055771e-01,4.830323623959742463e-03,4.643749465001131317e-03,4.818676371682551092e-03,4.807846101069657152e-03,3.127950468698739516e-05,4.796306909296800362e-03,4.807995739422921133e-03,1.566963639177167438e-07,4.796455829927454700e-03,4.807996492253607812e-03,1.174879132655401018e-10,4.796456579147221656e-03,4.807996492818489287e-03,0.000000000000000000e+00,4.796456579709393493e-03,4.807996492825594714e-03,1.477835386987925779e-12,4.796456579716464226e-03,4.807996492825594714e-03,1.477835386987925779e-12,4.796456579716464226e-03
1.023411402105452783e+00,8.453438237509658393e-03,2.648183716187593306e-03,8.417808397395526790e-03,8.430960714616020368e-03,1.783771444682430833e-05,8.395519835487962393e-03,8.431110352965731636e-03,8.935983218298117934e-08,8.395668217534839328e-03,8.431111105803523742e-03,6.699964782845747999e-11,8.395668964052055427e-03,8.431111106368405217e-03,0.000000000000000000e+00,8.395668964612194168e-03,8.431111106364852503e-03,4.213814328833803887e-13,8.395668964608670945e-03,8.431111106371957931e-03,4.213814328833803887e-13,8.395668964615717392e-03
1.096985797892384040e+00,1.458893991893006614e-02,1.532760668086565869e-03,1.448303696440171769e-02,1.456646239603998083e-02,1.032441404997421603e-05,1.446088473534383120e-02,1.456661203437903396e-02,5.172119864496529738e-08,1.446103220976907751e-02,1.456661278722037878e-02,3.853529776814790149e-11,1.446103295172355974e-02,1.456661278778170754e-02,0.000000000000000000e+00,1.446103295227677173e-02,1.456661278778881297e-02,4.877885793436443137e-13,1.446103295228377307e-02,1.456661278778881297e-02,4.877885793436443137e-13,1.446103295228377307e-02
1.175849554052155854e+00,2.483840259570513354e-02,8.997043538626890193e-04,2.453246768632901323e-02,2.481592507282215365e-02,6.060254851394994374e-06,2.451054134612584701e-02,2.481607471116120678e-02,3.035946093317498878e-08,2.451068731673728199e-02,2.481607546400255160e-02,2.261956214841579992e-11,2.451068805112596727e-02,2.481607546456388036e-02,0.000000000000000000e+00,2.451068805167353967e-02,2.481607546457098579e-02,2.863235714989341563e-13,2.451068805168046816e-02,2.481607546456388036e-02,0.000000000000000000e+00,2.451068805167353967e-02
1.260382929679727315e+00,4.174139524759823416e-02,5.351780889744991868e-04,4.088221907967280050e-02,4.171891772470814885e-02,3.604868193769839151e-06,4.086066024550419340e-02,4.171906736304720198e-02,1.805895259880174407e-08,4.086080376951117810e-02,4.171906811588854680e-02,1.345496883304415303e-11,4.086080449159081723e-02,4.171906811644987556e-02,0.000000000000000000e+00,4.086080449212921295e-02,4.171906811644987556e-02,0.000000000000000000e+00,4.086080449212921295e-02,4.171906811644987556e-02,0.000000000000000000e+00,4.086080449212921295e-02
1.350993521198025071e+00,6.928022070564310297e-02,3.223766994477750671e-04,6.693482074200174381e-02,6.925774318276012309e-02,2.171474383131919683e-06,6.691384751237142159e-02,6.925789282109917622e-02,1.087822101852840484e-08,6.691398713782301111e-02,6.925789357394052104e-02,8.104906636333785724e-12,6.691398784028874946e-02,6.925789357450184980e-02,0.000000000000000000e+00,6.691398784081252493e-02,6.925789357450895523e-02,1.025937548903010977e-13,6.691398784081914464e-02,6.925789357450895523e-02,1.025937548903010977e-13,6.691398784081914464e-02
1.448118227674533021e+00,1.136344569611509314e-01,1.965206636101850279e-04,1.074158258131784893e-01,1.136119794382608461e-01,1.323729622459663195e-06,1.073957625064859978e-01,1.136121290765998992e-01,6.631357714255187134e-09,1.073958960742915497e-01,1.136121298294412441e-01,4.940746750284440339e-12,1.073958967462808056e-01,1.136121298300025728e-01,0.000000000000000000e+00,1.073958967467818493e-01,1.136121298300025728e-01,0.000000000000000000e+00,1.073958967467818493e-01,1.136121298300096782e-01,6.254109810486633037e-14,1.073958967467881914e-01
1.552225357427047925e+00,1.842992864368397932e-01,1.211607312844836234e-04,1.683131460202204333e-01,1.842768089139497079e-01,8.161179905146322771e-07,1.682944515498208116e-01,1.842769585522958664e-01,4.088387235129091016e-09,1.682945760048542849e-01,1.842769593051301058e-01,3.046114736022466949e-12,1.682945766309905666e-01,1.842769593056914346e-01,0.000000000000000000e+00,1.682945766314574432e-01,1.842769593057056454e-01,7.711682876006245280e-14,1.682945766314692948e-01,1.842769593056985400e-01,3.855841438003122640e-14,1.682945766314633274e-01
1.663816886076127322e+00,2.957297556346887291e-01,7.550412667764728168e-05,2.560115404558137575e-01,2.957072781117986437e-01,5.085829246603817043e-07,2.559948172502369834e-01,2.957074277501448023e-01,2.547797589643951735e-09,2.559949285819337339e-01,2.957074285029861471e-01,1.898257220290782058e-12,2.559949291420515194e-01,2.957074285035474759e-01,0.000000000000000000e+00,2.559949291424691298e-01,2.957074285035545813e-01,2.402857240874407293e-14,2.559949291424744588e-01,2.957074285035545813e-01,2.402857240874407293e-14,2.559949291424744588e-01
1.783430876931909381e+00,4.697402201906868413e-01,4.753306499742557370e-05,3.748353476560873920e-01,4.697177426678038614e-01,3.201746068201037781e-07,3.748212953453787244e-01,4.697178923061429145e-01,1.603947145112569591e-09,3.748213888960746920e-01,4.697178930589842594e-01,1.195033805491672262e-12,3.748213893667350360e-01,4.697178930595455881e-01,0.000000000000000000e+00,3.748213893670859220e-01,4.697178930595455881e-01,0.000000000000000000e+00,3.748213893670859220e-01,4.697178930595455881e-01,0.000000000000000000e+00,3.748213893670859220e-01
1.911644075385699804e+00,7.389813077340008363e-01,3.021430380755125547e-05,5.223998045804902901e-01,7.389588302111107510e-01,2.035183992343416451e-07,5.223890691905135331e-01,7.389589798494569095e-01,1.019546001006045420e-09,5.223891406594178832e-01,7.389589806022911489e-01,7.692364576777164998e-13,5.223891410189797080e-01,7.389589806028595831e-01,0.000000000000000000e+00,5.223891410192511575e-01,7.389589806028595831e-01,0.000000000000000000e+00,5.223891410192511575e-01,7.389589806028595831e-01,0.000000000000000000e+00,5.223891410192511575e-01
2.049074689815846284e+00,1.151945241320248670e+00,1.938248720138559733e-05,6.839785668654745354e-01,1.151922763797358584e+00,1.305571292832582603e-07,6.839714634066436094e-01,1.151922913435704743e+00,6.540391412488785736e-10,6.839715106966276492e-01,1.151922914188546088e+00,4.872971570720292401e-13,6.839715109345470001e-01,1.151922914189107416e+00,0.000000000000000000e+00,6.839715109347244137e-01,1.151922914189114522e+00,6.168318443949737706e-15,6.839715109347266342e-01,1.151922914189114522e+00,6.168318443949737706e-15,6.839715109347266342e-01
2.196385372416546744e+00,1.780127065883270632e+00,1.254259407056278719e-05,8.313832795252041885e-01,1.780104588360380546e+00,8.448477528213366108e-08,8.313794893964139288e-01,1.780104737998726705e+00,4.232350249847051148e-10,8.313795146285063442e-01,1.780104738751568050e+00,3.153346817356241935e-13,8.313795147554507992e-01,1.780104738752129379e+00,0.000000000000000000e+00,8.313795147555455012e-01,1.780104738752136484e+00,3.991578249818027527e-15,8.313795147555467224e-01,1.780104738752129379e+00,0.000000000000000000e+00,8.313795147555455012e-01
2.354286414322415588e+00,2.728211355327935905e+00,8.183865161282598828e-06,9.346639518082644482e-01,2.728188877805052925e+00,5.512511786109976885e-08,9.346624831992409455e-01,2.728189027443391979e+00,2.761548652950610968e-10,9.346624929762377132e-01,2.728189028196233323e+00,2.057514180465314756e-13,9.346624930254264774e-01,2.728189028196794652e+00,0.000000000000000000e+00,9.346624930254631147e-01,2.728189028196794652e+00,0.000000000000000000e+00,9.346624930254631147e-01,2.728189028196801758e+00,2.604448329702930221e-15,9.346624930254635588e-01
2.523539170434765833e+00,4.148484349455259235e+00,5.382026164928027012e-06,9.842116720525795337e-01,4.148461871932369149e+00,3.625240894514756311e-08,9.842113171660882287e-01,4.148462021570708202e+00,1.816101170811893700e-10,9.842113195286803506e-01,4.148462022323549547e+00,1.353100879867772173e-13,9.842113195405667314e-01,4.148462022324110876e+00,0.000000000000000000e+00,9.842113195405756132e-01,4.148462022324110876e+00,0.000000000000000000e+00,9.842113195405756132e-01,4.148462022324110876e+00,0.000000000000000000e+00,9.842113195405756132e-01
2.704959730463131429e+00,6.261120981221097281e+00,3.566008520529190423e-06,9.980908954736281702e-01,6.261098503698207196e+00,2.402002428574845774e-08,9.980908525612052218e-01,6.261098653336546249e+00,1.203307462802878666e-10,9.980908528468868113e-01,6.261098654089387594e+00,8.965339667404878516e-14,9.980908528483241060e-01,6.261098654089948923e+00,0.000000000000000000e+00,9.980908528483252162e-01,6.261098654089956028e+00,1.134853122456313791e-15,9.980908528483252162e-01,6.261098654089956028e+00,1.134853122456313791e-15,9.980908528483252162e-01
2.899422853882875017e+00,9.382606102770587597e+00,2.379635681934694712e-06,9.999158244536900941e-01,9.382583625247697512e+00,1.602882025126232781e-08,9.999158225616111562e-01,9.382583774886043670e+00,8.029799590356475404e-11,9.999158225742073025e-01,9.382583775638877910e+00,6.058397155844632617e-14,9.999158225742706962e-01,9.382583775639446344e+00,0.000000000000000000e+00,9.999158225742706962e-01,9.382583775639446344e+00,0.000000000000000000e+00,9.999158225742706962e-01,9.382583775639446344e+00,0.000000000000000000e+00,9.999158225742706962e-01
3.107866187782013956e+00,1.396537444196276567e+01,1.598751750594321873e-06,9.999991391748594971e-01,1.396535196443987559e+01,1.076891922205200588e-08,9.999991391555100861e-01,1.396535211407821464e+01,5.394849859949919807e-11,9.999991391556388720e-01,1.396535211483106309e+01,4.019438655286973494e-14,9.999991391556395381e-01,1.396535211483162442e+01,0.000000000000000000e+00,9.999991391556395381e-01,1.396535211483162442e+01,0.000000000000000000e+00,9.999991391556395381e-01,1.396535211483162442e+01,0.000000000000000000e+00,9.999991391556395381e-01
3.331294787934670154e+00,2.065286789036767345e+01,1.081068033942132397e-06,9.999999989270649259e-01,2.065284541284478337e+01,7.281889619821450924e-09,9.999999989270408340e-01,2.065284556248312242e+01,3.647936412802396566e-11,9.999999989270409451e-01,2.065284556323597087e+01,2.683520448530509065e-14,9.999999989270409451e-01,2.065284556323652509e+01,0.000000000000000000e+00,9.999999989270409451e-01,2.065284556323653220e+01,3.440410831449370469e-16,9.999999989270409451e-01,2.065284556323653220e+01,3.440410831449370469e-16,9.999999989270409451e-01
3.570785964900462517e+00,3.035570965193808490e+01,7.355172330462329964e-07,9.999999999999343858e-01,3.035568717441519482e+01,4.954318448385324245e-09,9.999999999999343858e-01,3.035568732405353387e+01,2.481916042683250604e-11,9.999999999999343858e-01,3.035568732480637522e+01,1.849171640372498749e-14,9.999999999999343858e-01,3.035568732480693654e+01,0.000000000000000000e+00,9.999999999999343858e-01,3.035568732480693654e+01,0.000000000000000000e+00,9.999999999999343858e-01,3.035568732480694365e+01,2.340723595408226490e-16,9.999999999999343858e-01
3.827494478516307197e+00,4.435671325589726877e+01,5.033543006422424548e-07,1.000000000000000000e+00,4.435669077837438579e+01,3.390508592451736281e-09,1.000000000000000000e+00,4.435669092801272484e+01,1.698509644894529218e-11,1.000000000000000000e+00,4.435669092876556618e+01,1.265488361500941307e-14,1.000000000000000000e+00,4.435669092876612751e+01,0.000000000000000000e+00,1.000000000000000000e+00,4.435669092876612751e+01,0.000000000000000000e+00,1.000000000000000000e+00,4.435669092876613462e+01,1.601884001899925765e-16,1.000000000000000000e+00
4.102658105827190482e+00,6.445515463600720807e+01,3.463980343280296490e-07,1.000000000000000000e+00,6.445513215848431798e+01,2.333278213081131273e-09,1.000000000000000000e+00,6.445513230812267125e+01,1.168879260026588829e-11,1.000000000000000000e+00,6.445513230887550549e+01,8.819067904229581409e-15,1.000000000000000000e+00,6.445513230887607392e+01,0.000000000000000000e+00,1.000000000000000000e+00,6.445513230887607392e+01,0.000000000000000000e+00,1.000000000000000000e+00,6.445513230887607392e+01,0.000000000000000000e+00,1.000000000000000000e+00
4.397603609302721317e+00,9.316436944810743626e+01,2.396531703202540682e-07,1.000000000000000000e+00,9.316434697058454617e+01,1.614262820211899598e-09,1.000000000000000000e+00,9.316434712022288522e+01,8.086813216249310619e-12,1.000000000000000000e+00,9.316434712097571946e+01,6.101413321449607715e-15,1.000000000000000000e+00,9.316434712097628790e+01,0.000000000000000000e+00,1.000000000000000000e+00,9.316434712097628790e+01,0.000000000000000000e+00,1.000000000000000000e+00,9.316434712097628790e+01,0.000000000000000000e+00,1.000000000000000000e+00
4.713753134116719146e+00,1.339816045489192788e+02,1.666432859628227683e-07,1.000000000000000000e+00,1.339815820713964172e+02,1.122480711399232558e-09,1.000000000000000000e+00,1.339815822210347562e+02,5.623180896117456534e-12,1.000000000000000000e+00,1.339815822217875905e+02,4.242629316521394973e-15,1.000000000000000000e+00,1.339815822217881589e+02,0.000000000000000000e+00,1.000000000000000000e+00,1.339815822217881589e+02,0.000000000000000000e+00,1.000000000000000000e+00,1.339815822217881589e+02,0.000000000000000000e+00,1.000000000000000000e+00
5.052631065335679850e+00,1.917555634019284980e+02,1.164353895318614687e-07,1.000000000000000000e+00,1.917555409244056364e+02,7.842888966011406592e-10,1.000000000000000000e+00,1.917555410740439754e+02,3.928974721451582449e-12,1.000000000000000000e+00,1.917555410747968097e+02,2.964369036857991728e-15,1.000000000000000000e+00,1.917555410747973781e+02,0.000000000000000000e+00,1.000000000000000000e+00,1.917555410747973781e+02,0.000000000000000000e+00,1.000000000000000000e+00,1.917555410747973781e+02,0.000000000000000000e+00,1.000000000000000000e+00
5.415871378079464726e+00,2.731857873124832849e+02,8.172875021345183604e-08,1.000000000000000000e+00,2.731857648349604233e+02,5.505107973435655467e-10,1.000000000000000000e+00,2.731857649845987339e+02,2.757840159136937259e-12,1.000000000000000000e+00,2.731857649853515682e+02,2.080760645191592812e-15,1.000000000000000000e+00,2.731857649853521366e+02,0.000000000000000000e+00,1.000000000000000000e+00,2.731857649853521366e+02,0.000000000000000000e+00,1.000000000000000000e+00,2.731857649853521366e+02,0.000000000000000000e+00,1.000000000000000000e+00
5.805225516094895788e+00,3.874996354214573557e+02,5.761846049359453475e-08,1.000000000000000000e+00,3.874996129439344941e+02,3.881080347514808238e-10,1.000000000000000000e+00,3.874996130935728047e+02,1.944266905365281247e-12,1.000000000000000000e+00,3.874996130943256389e+02,1.466928403021941581e-15,1.000000000000000000e+00,3.874996130943262074e+02,0.000000000000000000e+00,1.000000000000000000e+00,3.874996130943262074e+02,0.000000000000000000e+00,1.000000000000000000e+00,3.874996130943262074e+02,0.000000000000000000e+00,1.000000000000000000e+00
6.222570836730231036e+00,5.473681332282377525e+02,4.078997435280968528e-08,1.000000000000000000e+00,5.473681107507147772e+02,2.747543511455829015e-10,1.000000000000000000e+00,5.473681109003531446e+02,1.376409510486202455e-12,1.000000000000000000e+00,5.473681109011059789e+02,1.038486125310247897e-15,1.000000000000000000e+00,5.473681109011065473e+02,0.000000000000000000e+00,1.000000000000000000e+00,5.473681109011065473e+02,0.000000000000000000e+00,1.000000000000000000e+00,5.473681109011065473e+02,0.000000000000000000e+00,1.000000000000000000e+00
6.669919663030115409e+00,7.701426363287588401e+02,2.899090480033459862e-08,1.000000000000000000e+00,7.701426138512359785e+02,1.952776715992259237e-10,1.000000000000000000e+00,7.701426140008742323e+02,9.782638434542685031e-13,1.000000000000000000e+00,7.701426140016270665e+02,7.380895152061781825e-16,1.000000000000000000e+00,7.701426140016276349e+02,0.000000000000000000e+00,1.000000000000000000e+00,7.701426140016276349e+02,0.000000000000000000e+00,1.000000000000000000e+00,7.701426140016276349e+02,0.000000000000000000e+00,1.000000000000000000e+00
7.149428986597577307e+00,1.079521807884152850e+03,2.068242752506807751e-08,1.000000000000000000e+00,1.079521785406629988e+03,1.393133257341503572e-10,1.000000000000000000e+00,1.079521785556268242e+03,6.980094061094511208e-13,1.000000000000000000e+00,1.079521785557021076e+03,6.318733308172460360e-16,1.000000000000000000e+00,1.079521785557021758e+03,0.000000000000000000e+00,1.000000000000000000e+00,1.079521785557021758e+03,0.000000000000000000e+00,1.000000000000000000e+00,1.079521785557021758e+03,0.000000000000000000e+00,1.000000000000000000e+00
7.663410868007447085e+00,1.507795097152019480e+03,1.480780226151214884e-08,1.000000000000000000e+00,1.507795074674496391e+03,9.974284480660154456e-11,1.000000000000000000e+00,1.507795074824134872e+03,4.995963969645630534e-13,1.000000000000000000e+00,1.507795074824887706e+03,3.015975834377078168e-16,1.000000000000000000e+00,1.507795074824888161e+03,0.000000000000000000e+00,1.000000000000000000e+00,1.507795074824888161e+03,0.000000000000000000e+00,1.000000000000000000e+00,1.507795074824888161e+03,0.000000000000000000e+00,1.000000000000000000e+00
8.214343584919422625e+00,2.098857732373137424e+03,1.063775367525960519e-08,1.000000000000000000e+00,2.098857709895614789e+03,7.165388805597953984e-11,1.000000000000000000e+00,2.098857710045253043e+03,3.587959343139453684e-13,1.000000000000000000e+00,2.098857710046005650e+03,2.166642115422375262e-16,1.000000000000000000e+00,2.098857710046006105e+03,0.000000000000000000e+00,1.000000000000000000e+00,2.098857710046006105e+03,0.000000000000000000e+00,1.000000000000000000e+00,2.098857710046006105e+03,0.000000000000000000e+00,1.000000000000000000e+00
8.804883581643464296e+00,2.912257182027098679e+03,7.666607066111252957e-09,1.000000000000000000e+00,2.912257159549575590e+03,5.164096503205470617e-11,1.000000000000000000e+00,2.912257159699214299e+03,2.585834875741426647e-13,1.000000000000000000e+00,2.912257159699966905e+03,1.561494490182021161e-16,1.000000000000000000e+00,2.912257159699967360e+03,0.000000000000000000e+00,1.000000000000000000e+00,2.912257159699967360e+03,0.000000000000000000e+00,1.000000000000000000e+00,2.912257159699967360e+03,0.000000000000000000e+00,1.000000000000000000e+00
9.437878277775372027e+00,4.028617365842192612e+03,5.542132551960848347e-09,1.000000000000000000e+00,4.028617343364669523e+03,3.733086499031866235e-11,1.000000000000000000e+00,4.028617343514307777e+03,1.870409364224726143e-13,1.000000000000000000e+00,4.028617343515060838e+03,1.128792615705930048e-16,1.000000000000000000e+00,4.028617343515061293e+03,0.000000000000000000e+00,1.000000000000000000e+00,4.028617343515061293e+03,0.000000000000000000e+00,1.000000000000000000e+00,4.028617343515061293e+03,0.000000000000000000e+00,1.000000000000000000e+00
1.011637979766206996e+01,5.556901596392745887e+03,4.017910082903670073e-09,1.000000000000000000e+00,5.556901573915222798e+03,2.706404331465167182e-11,1.000000000000000000e+00,5.556901574064861052e+03,1.356819259294756609e-13,1.000000000000000000e+00,5.556901574065614113e+03,1.636693919535291469e-16,1.000000000000000000e+00,5.556901574065615023e+03,0.000000000000000000e+00,1.000000000000000000e+00,5.556901574065615023e+03,0.000000000000000000e+00,1.000000000000000000e+00,5.556901574065615023e+03,0.000000000000000000e+00,1.000000000000000000e+00
1.084365968689608728e+01,7.644127557354639976e+03,2.920821344467686059e-09,1.000000000000000000e+00,7.644127534877117796e+03,1.967409815076101635e-11,1.000000000000000000e+00,7.644127535026756050e+03,9.851505088281792546e-14,1.000000000000000000e+00,7.644127535027509111e+03,0.000000000000000000e+00,1.000000000000000000e+00,7.644127535027509111e+03,0.000000000000000000e+00,1.000000000000000000e+00,7.644127535027509111e+03,0.000000000000000000e+00,1.000000000000000000e+00,7.644127535027509111e+03,0.000000000000000000e+00,1.000000000000000000e+00
1.162322468679851895e+01,1.048834983137964809e+04,2.128755359100524637e-09,1.000000000000000000e+00,1.048834980890212501e+04,1.433897873676600770e-11,1.000000000000000000e+00,1.048834980905176235e+04,7.197324805280534295e-14,1.000000000000000000e+00,1.048834980905251541e+04,1.734295133802538469e-16,1.000000000000000000e+00,1.048834980905251723e+04,0.000000000000000000e+00,1.000000000000000000e+00,1.048834980905251723e+04,0.000000000000000000e+00,1.000000000000000000e+00,1.048834980905251723e+04,0.000000000000000000e+00,1.000000000000000000e+00
1.245883364295008100e+01,1.435599380769094569e+04,1.555248016818202263e-09,1.000000000000000000e+00,1.435599378521342260e+04,1.047591877958984362e-11,1.000000000000000000e+00,1.435599378536306176e+04,5.245625097969490744e-14,1.000000000000000000e+00,1.435599378536381482e+04,0.000000000000000000e+00,1.000000000000000000e+00,1.435599378536381482e+04,0.000000000000000000e+00,1.000000000000000000e+00,1.435599378536381482e+04,0.000000000000000000e+00,1.000000000000000000e+00,1.435599378536381482e+04,0.000000000000000000e+00,1.000000000000000000e+00
1.335451562929897307e+01,1.960498071170148251e+04,1.138849928898044205e-09,1.000000000000000000e+00,1.960498068922396124e+04,7.671030555407483021e-12,1.000000000000000000e+00,1.960498068937359858e+04,3.841174979968913621e-14,1.000000000000000000e+00,1.960498068937435164e+04,0.000000000000000000e+00,1.000000000000000000e+00,1.960498068937435164e+04,0.000000000000000000e+00,1.000000000000000000e+00,1.960498068937435164e+04,0.000000000000000000e+00,1.000000000000000000e+00,1.960498068937435164e+04,0.000000000000000000e+00,1.000000000000000000e+00
1.431458937523478525e+01,2.671555544408056448e+04,8.357352303430456556e-10,1.000000000000000000e+00,2.671555542160303958e+04,5.629456004598407935e-12,1.000000000000000000e+00,2.671555542175268056e+04,2.818813238877286802e-14,1.000000000000000000e+00,2.671555542175342998e+04,1.361745526027674943e-16,1.000000000000000000e+00,2.671555542175343362e+04,0.000000000000000000e+00,1.000000000000000000e+00,2.671555542175343362e+04,0.000000000000000000e+00,1.000000000000000000e+00,2.671555542175343362e+04,0.000000000000000000e+00,1.000000000000000000e+00
1.534368408930010119e+01,3.633135452893128968e+04,6.145415586447285183e-10,1.000000000000000000e+00,3.633135450645376841e+04,4.139511062210284641e-12,1.000000000000000000e+00,3.633135450660340575e+04,2.082772861489451428e-14,1.000000000000000000e+00,3.633135450660416245e+04,0.000000000000000000e+00,1.000000000000000000e+00,3.633135450660416245e+04,0.000000000000000000e+00,1.000000000000000000e+00,3.633135450660416245e+04,0.000000000000000000e+00,1.000000000000000000e+00,3.633135450660416245e+04,0.000000000000000000e+00,1.000000000000000000e+00
1.644676177994662680e+01,4.931408054584155616e+04,4.527537422394821407e-10,1.000000000000000000e+00,4.931408052336402761e+04,3.049718098534941732e-12,1.000000000000000000e+00,4.931408052351366496e+04,1.534449357753429803e-14,1.000000000000000000e+00,4.931408052351442166e+04,0.000000000000000000e+00,1.000000000000000000e+00,4.931408052351442166e+04,0.000000000000000000e+00,1.000000000000000000e+00,4.931408052351442166e+04,0.000000000000000000e+00,1.000000000000000000e+00,4.931408052351442166e+04,0.000000000000000000e+00,1.000000000000000000e+00
1.762914118095947913e+01,6.681624783512396971e+04,3.341572631356913696e-10,1.000000000000000000e+00,6.681624781264644116e+04,2.250860364181771853e-12,1.000000000000000000e+00,6.681624781279607851e+04,1.132508359336740656e-14,1.000000000000000000e+00,6.681624781279683521e+04,0.000000000000000000e+00,1.000000000000000000e+00,6.681624781279683521e+04,0.000000000000000000e+00,1.000000000000000000e+00,6.681624781279683521e+04,0.000000000000000000e+00,1.000000000000000000e+00,6.681624781279683521e+04,0.000000000000000000e+00,1.000000000000000000e+00
1.889652339691207672e+01,9.037791915715330106e+04,2.470417571453198723e-10,1.000000000000000000e+00,9.037791913467578706e+04,1.664057386194219659e-12,1.000000000000000000e+00,9.037791913482542441e+04,8.372615779593559070e-15,1.000000000000000000e+00,9.037791913482618111e+04,0.000000000000000000e+00,1.000000000000000000e+00,9.037791913482618111e+04,0.000000000000000000e+00,1.000000000000000000e+00,9.037791913482618111e+04,0.000000000000000000e+00,1.000000000000000000e+00,9.037791913482618111e+04,0.000000000000000000e+00,1.000000000000000000e+00
2.025501939230666437e+01,1.220552795995716733e+05,1.829264131748618965e-10,1.000000000000000000e+00,1.220552795770941448e+05,1.232179750077851068e-12,1.000000000000000000e+00,1.220552795772437821e+05,6.199646541272206537e-15,1.000000000000000000e+00,1.220552795772445388e+05,0.000000000000000000e+00,1.000000000000000000e+00,1.220552795772445388e+05,0.000000000000000000e+00,1.000000000000000000e+00,1.220552795772445388e+05,0.000000000000000000e+00,1.000000000000000000e+00,1.220552795772445388e+05,0.000000000000000000e+00,1.000000000000000000e+00
2.171117945694500762e+01,1.645914447578094550e+05,1.356517648051961441e-10,1.000000000000000000e+00,1.645914447353319265e+05,9.138299748332846762e-13,1.000000000000000000e+00,1.645914447354815784e+05,4.597441823851664334e-15,1.000000000000000000e+00,1.645914447354823351e+05,0.000000000000000000e+00,1.000000000000000000e+00,1.645914447354823351e+05,0.000000000000000000e+00,1.000000000000000000e+00,1.645914447354823351e+05,0.000000000000000000e+00,1.000000000000000000e+00,1.645914447354823351e+05,0.000000000000000000e+00,1.000000000000000000e+00
2.327202478960407461e+01,2.216432765696031274e+05,1.007344788346997853e-10,1.000000000000000000e+00,2.216432765471255989e+05,6.786066247685973786e-13,1.000000000000000000e+00,2.216432765472752508e+05,3.414042616869878101e-15,1.000000000000000000e+00,2.216432765472760075e+05,0.000000000000000000e+00,1.000000000000000000e+00,2.216432765472760075e+05,0.000000000000000000e+00,1.000000000000000000e+00,2.216432765472760075e+05,0.000000000000000000e+00,1.000000000000000000e+00,2.216432765472760075e+05,0.000000000000000000e+00,1.000000000000000000e+00
2.494508135230316626e+01,2.980824485692233429e+05,7.490249781242132729e-11,1.000000000000000000e+00,2.980824485467458726e+05,5.043919522012119733e-13,1.000000000000000000e+00,2.980824485468954663e+05,2.538558025015778339e-15,1.000000000000000000e+00,2.980824485468962230e+05,0.000000000000000000e+00,1.000000000000000000e+00,2.980824485468962230e+05,0.000000000000000000e+00,1.000000000000000000e+00,2.980824485468962230e+05,0.000000000000000000e+00,1.000000000000000000e+00,2.980824485468962230e+05,0.000000000000000000e+00,1.000000000000000000e+00
2.673841615839943842e+01,4.003949149179562228e+05,5.576289140356846857e-11,1.000000000000000000e+00,4.003949148954786942e+05,3.755052388182256594e-13,1.000000000000000000e+00,4.003949148956282879e+05,1.889883122197806009e-15,1.000000000000000000e+00,4.003949148956290446e+05,0.000000000000000000e+00,1.000000000000000000e+00,4.003949148956290446e+05,0.000000000000000000e+00,1.000000000000000000e+00,4.003949148956290446e+05,0.000000000000000000e+00,1.000000000000000000e+00,4.003949148956290446e+05,0.000000000000000000e+00,1.000000000000000000e+00
2.866067616948250318e+01,5.372107598780064145e+05,4.156108442158213311e-11,1.000000000000000000e+00,5.372107598555289442e+05,2.799806091761951196e-13,1.000000000000000000e+00,5.372107598556785379e+05,1.516922805134184148e-15,1.000000000000000000e+00,5.372107598556793528e+05,0.000000000000000000e+00,1.000000000000000000e+00,5.372107598556793528e+05,0.000000000000000000e+00,1.000000000000000000e+00,5.372107598556793528e+05,0.000000000000000000e+00,1.000000000000000000e+00,5.372107598556793528e+05,0.000000000000000000e+00,1.000000000000000000e+00
3.072112998861753042e+01,7.200067517001545057e+05,3.100951718927017875e-11,1.000000000000000000e+00,7.200067516776770353e+05,2.088988685868619005e-13,1.000000000000000000e+00,7.200067516778266290e+05,1.131805015563493260e-15,1.000000000000000000e+00,7.200067516778274439e+05,0.000000000000000000e+00,1.000000000000000000e+00,7.200067516778274439e+05,0.000000000000000000e+00,1.000000000000000000e+00,7.200067516778274439e+05,0.000000000000000000e+00,1.000000000000000000e+00,7.200067516778274439e+05,0.000000000000000000e+00,1.000000000000000000e+00
3.292971255097148031e+01,9.640376103332113707e+05,2.315994884820324600e-11,1.000000000000000000e+00,9.640376103107339004e+05,1.560194272419473343e-13,1.000000000000000000e+00,9.640376103108834941e+05,8.453064943449158662e-16,1.000000000000000000e+00,9.640376103108843090e+05,0.000000000000000000e+00,1.000000000000000000e+00,9.640376103108843090e+05,0.000000000000000000e+00,1.000000000000000000e+00,9.640376103108843090e+05,0.000000000000000000e+00,1.000000000000000000e+00,9.640376103108843090e+05,0.000000000000000000e+00,1.000000000000000000e+00
3.529707302730650298e+01,1.289570096496678190e+06,1.731375024454276432e-11,1.000000000000000000e+00,1.289570096474200487e+06,1.166346802020399949e-13,1.000000000000000000e+00,1.289570096474350197e+06,5.416471216813002941e-16,1.000000000000000000e+00,1.289570096474350896e+06,0.000000000000000000e+00,1.000000000000000000e+00,1.289570096474350896e+06,0.000000000000000000e+00,1.000000000000000000e+00,1.289570096474350896e+06,0.000000000000000000e+00,1.000000000000000000e+00,1.289570096474350896e+06,0.000000000000000000e+00,1.000000000000000000e+00
3.783462617131925043e+01,1.723517960411920445e+06,1.295448906615446530e-11,1.000000000000000000e+00,1.723517960389442742e+06,8.726836578273929512e-14,1.000000000000000000e+00,1.723517960389592452e+06,4.052710485266530510e-16,1.000000000000000000e+00,1.723517960389593150e+06,0.000000000000000000e+00,1.000000000000000000e+00,1.723517960389593150e+06,0.000000000000000000e+00,1.000000000000000000e+00,1.723517960389593150e+06,0.000000000000000000e+00,1.000000000000000000e+00,1.723517960389593150e+06,0.000000000000000000e+00,1.000000000000000000e+00
4.055460735840827624e+01,2.301607428020174149e+06,9.700638549800969079e-12,1.000000000000000000e+00,2.301607427997696679e+06,6.534937017093276046e-14,1.000000000000000000e+00,2.301607427997846156e+06,4.046400629779118478e-16,1.000000000000000000e+00,2.301607427997847088e+06,0.000000000000000000e+00,1.000000000000000000e+00,2.301607427997847088e+06,0.000000000000000000e+00,1.000000000000000000e+00,2.301607427997847088e+06,0.000000000000000000e+00,1.000000000000000000e+00,2.301607427997847088e+06,0.000000000000000000e+00,1.000000000000000000e+00
4.347013158125017185e+01,3.071244729660524987e+06,7.269711048124247529e-12,1.000000000000000000e+00,3.071244729638047516e+06,4.897317180520432547e-14,1.000000000000000000e+00,3.071244729638196994e+06,3.032394539021939708e-16,1.000000000000000000e+00,3.071244729638197925e+06,0.000000000000000000e+00,1.000000000000000000e+00,3.071244729638197925e+06,0.000000000000000000e+00,1.000000000000000000e+00,3.071244729638197925e+06,0.000000000000000000e+00,1.000000000000000000e+00,3.071244729638197925e+06,0.000000000000000000e+00,1.000000000000000000e+00
4.659525668664677056e+01,4.095312465848257765e+06,5.451857929976368011e-12,1.000000000000000000e+00,4.095312465825780295e+06,3.672701339775933819e-14,1.000000000000000000e+00,4.095312465825929772e+06,2.274118476641444950e-16,1.000000000000000000e+00,4.095312465825930703e+06,0.000000000000000000e+00,1.000000000000000000e+00,4.095312465825930703e+06,0.000000000000000000e+00,1.000000000000000000e+00,4.095312465825930703e+06,0.000000000000000000e+00,1.000000000000000000e+00,4.095312465825930703e+06,0.000000000000000000e+00,1.000000000000000000e+00
4.994505115855140076e+01,5.457194683393215761e+06,4.091222207866297054e-12,1.000000000000000000e+00,5.457194683370738290e+06,2.764685261228632509e-14,1.000000000000000000e+00,5.457194683370888233e+06,1.706595840264588160e-16,1.000000000000000000e+00,5.457194683370889165e+06,0.000000000000000000e+00,1.000000000000000000e+00,5.457194683370889165e+06,0.000000000000000000e+00,1.000000000000000000e+00,5.457194683370889165e+06,0.000000000000000000e+00,1.000000000000000000e+00,5.457194683370889165e+06,0.000000000000000000e+00,1.000000000000000000e+00
5.353566677410719166e+01,7.267427117872345261e+06,3.072145852886368410e-12,1.000000000000000000e+00,7.267427117849867791e+06,2.076033988935851255e-14,1.000000000000000000e+00,7.267427117850017734e+06,1.281502462306080997e-16,1.000000000000000000e+00,7.267427117850018665e+06,0.000000000000000000e+00,1.000000000000000000e+00,7.267427117850018665e+06,0.000000000000000000e+00,1.000000000000000000e+00,7.267427117850018665e+06,0.000000000000000000e+00,1.000000000000000000e+00,7.267427117850018665e+06,0.000000000000000000e+00,1.000000000000000000e+00
5.738441648302392650e+01,9.672496694957681000e+06,2.308352032368485629e-12,1.000000000000000000e+00,9.672496694935202599e+06,1.559827434903206229e-14,1.000000000000000000e+00,9.672496694935353473e+06,0.000000000000000000e+00,1.000000000000000000e+00,9.672496694935353473e+06,0.000000000000000000e+00,1.000000000000000000e+00,9.672496694935353473e+06,0.000000000000000000e+00,1.000000000000000000e+00,9.672496694935353473e+06,0.000000000000000000e+00,1.000000000000000000e+00,9.672496694935353473e+06,0.000000000000000000e+00,1.000000000000000000e+00
6.150985788580504021e+01,1.286648304542225227e+07,1.735324822257012018e-12,1.000000000000000000e+00,1.286648304539977387e+07,1.172614587493267368e-14,1.000000000000000000e+00,1.286648304539992474e+07,0.000000000000000000e+00,1.000000000000000000e+00,1.286648304539992474e+07,0.000000000000000000e+00,1.000000000000000000e+00,1.286648304539992474e+07,0.000000000000000000e+00,1.000000000000000000e+00,1.286648304539992474e+07,0.000000000000000000e+00,1.000000000000000000e+00,1.286648304539992474e+07,0.000000000000000000e+00,1.000000000000000000e+00
6.593188271333541195e+01,1.710645764834894985e+07,1.305319342439374487e-12,1.000000000000000000e+00,1.710645764832647145e+07,8.710839789385215649e-15,1.000000000000000000e+00,1.710645764832662046e+07,0.000000000000000000e+00,1.000000000000000000e+00,1.710645764832662046e+07,0.000000000000000000e+00,1.000000000000000000e+00,1.710645764832662046e+07,0.000000000000000000e+00,1.000000000000000000e+00,1.710645764832662046e+07,0.000000000000000000e+00,1.000000000000000000e+00,1.710645764832662046e+07,0.000000000000000000e+00,1.000000000000000000e+00
7.067181273927491247e+01,2.273285067094297707e+07,9.822520884960532640e-13,1.000000000000000000e+00,2.273285067092049867e+07,6.554902158799154596e-15,1.000000000000000000e+00,2.273285067092064768e+07,0.000000000000000000e+00,1.000000000000000000e+00,2.273285067092064768e+07,0.000000000000000000e+00,1.000000000000000000e+00,2.273285067092064768e+07,0.000000000000000000e+00,1.000000000000000000e+00,2.273285067092064768e+07,0.000000000000000000e+00,1.000000000000000000e+00,2.273285067092064768e+07,0.000000000000000000e+00,1.000000000000000000e+00
7.575250258771905010e+01,3.019638459803265333e+07,7.394723026031409151e-13,1.000000000000000000e+00,3.019638459801017493e+07,4.934750100788394640e-15,1.000000000000000000e+00,3.019638459801032394e+07,0.000000000000000000e+00,1.000000000000000000e+00,3.019638459801032394e+07,0.000000000000000000e+00,1.000000000000000000e+00,3.019638459801032394e+07,0.000000000000000000e+00,1.000000000000000000e+00,3.019638459801032394e+07,0.000000000000000000e+00,1.000000000000000000e+00,3.019638459801032394e+07,0.000000000000000000e+00,1.000000000000000000e+00
8.119844993184008786e+01,4.009368768498104066e+07,5.569303134308012507e-13,1.000000000000000000e+00,4.009368768495856225e+07,3.716585341546889144e-15,1.000000000000000000e+00,4.009368768495871127e+07,0.000000000000000000e+00,1.000000000000000000e+00,4.009368768495871127e+07,0.000000000000000000e+00,1.000000000000000000e+00,4.009368768495871127e+07,0.000000000000000000e+00,1.000000000000000000e+00,4.009368768495871127e+07,0.000000000000000000e+00,1.000000000000000000e+00,4.009368768495871127e+07,0.000000000000000000e+00,1.000000000000000000e+00
8.703591361485165123e+01,5.321437919974432886e+07,4.196119617439296452e-13,1.000000000000000000e+00,5.321437919972185045e+07,2.800213291584448819e-15,1.000000000000000000e+00,5.321437919972199947e+07,0.000000000000000000e+00,1.000000000000000000e+00,5.321437919972199947e+07,0.000000000000000000e+00,1.000000000000000000e+00,5.321437919972199947e+07,0.000000000000000000e+00,1.000000000000000000e+00,5.321437919972199947e+07,0.000000000000000000e+00,1.000000000000000000e+00,5.321437919972199947e+07,0.000000000000000000e+00,1.000000000000000000e+00
9.329304026284677320e+01,7.060331526752492785e+07,3.161599336208247916e-13,1.000000000000000000e+00,7.060331526750245690e+07,2.110546953410045427e-15,1.000000000000000000e+00,7.060331526750260592e+07,0.000000000000000000e+00,1.000000000000000000e+00,7.060331526750260592e+07,0.000000000000000000e+00,1.000000000000000000e+00,7.060331526750260592e+07,0.000000000000000000e+00,1.000000000000000000e+00,7.060331526750260592e+07,0.000000000000000000e+00,1.000000000000000000e+00,7.060331526750260592e+07,0.000000000000000000e+00,1.000000000000000000e+00
1.000000000000000000e+02,9.364286878565463424e+07,2.383730844415208778e-13,1.000000000000000000e+00,9.364286878563216329e+07,1.591275597072902914e-15,1.000000000000000000e+00,9.364286878563231230e+07,0.000000000000000000e+00,1.000000000000000000e+00,9.364286878563231230e+07,0.000000000000000000e+00,1.000000000000000000e+00,9.364286878563231230e+07,0.000000000000000000e+00,1.000000000000000000e+00,9.364286878563231230e+07,0.000000000000000000e+00,1.000000000000000000e+00,9.364286878563231230e+07,0.000000000000000000e+00,1.000000000000000000e+00
